,timestamp,host,cpu,ram,swap
0,2026-05-18 12:51:07.762,compute1,13.787750244140625,44.45952606201172,2.2827160358428955
1,2026-05-18 12:51:22.762,compute1,11.37714672088623,44.464637756347656,2.2827160358428955
2,2026-05-18 12:51:37.762,compute1,13.5807466506958,44.54570388793945,2.2827160358428955
3,2026-05-18 12:51:52.762,compute1,14.338382720947266,44.51997375488281,2.2827160358428955
4,2026-05-18 12:52:07.762,compute1,14.007881164550781,44.50691223144531,2.2827160358428955
5,2026-05-18 12:52:22.762,compute1,11.807008743286133,44.39532470703125,2.2827160358428955
6,2026-05-18 12:52:37.762,compute1,13.251559257507324,44.503570556640625,2.2827160358428955
7,2026-05-18 12:52:52.762,compute1,14.258432388305664,44.480072021484375,2.2827160358428955
8,2026-05-18 12:53:07.762,compute1,13.846925735473633,44.515708923339844,2.2827160358428955
9,2026-05-18 12:53:22.762,compute1,11.91148567199707,44.446746826171875,2.2827160358428955
10,2026-05-18 12:53:37.762,compute1,13.240771293640137,44.42051696777344,2.2827160358428955
11,2026-05-18 12:53:52.762,compute1,14.102670669555664,44.40910720825195,2.2827160358428955
12,2026-05-18 12:54:07.762,compute1,13.905302047729492,44.293434143066406,2.2827160358428955
13,2026-05-18 12:54:22.762,compute1,11.959035873413086,44.33216857910156,2.2827160358428955
14,2026-05-18 12:54:37.762,compute1,13.191818237304688,44.4102668762207,2.2827160358428955
15,2026-05-18 12:54:52.762,compute1,14.075861930847168,44.36437225341797,2.2827160358428955
16,2026-05-18 12:55:07.762,compute1,13.740107536315918,44.38290786743164,2.2827160358428955
17,2026-05-18 12:55:22.762,compute1,12.182025909423828,44.477848052978516,2.2827160358428955
18,2026-05-18 12:55:37.762,compute1,13.061047554016113,44.48880386352539,2.2827160358428955
19,2026-05-18 12:55:52.762,compute1,14.08832836151123,44.51102828979492,2.2827160358428955
20,2026-05-18 12:56:07.762,compute1,13.785213470458984,44.526702880859375,2.2827160358428955
21,2026-05-18 12:56:22.762,compute1,12.25830364227295,44.394996643066406,2.2827160358428955
22,2026-05-18 12:56:37.762,compute1,12.869073867797852,44.372493743896484,2.2827160358428955
23,2026-05-18 12:56:52.762,compute1,13.992966651916504,44.48485565185547,2.2827160358428955
24,2026-05-18 12:57:07.762,compute1,13.744729995727539,44.42951965332031,2.2827160358428955
25,2026-05-18 12:57:22.762,compute1,12.42673397064209,44.36309814453125,2.2827160358428955
26,2026-05-18 12:57:37.762,compute1,12.858213424682617,44.335693359375,2.2827160358428955
27,2026-05-18 12:57:52.762,compute1,13.876614570617676,44.291297912597656,2.2827160358428955
28,2026-05-18 12:58:07.762,compute1,13.757939338684082,44.20030212402344,2.2827160358428955
29,2026-05-18 12:58:22.762,compute1,12.474512100219727,44.169639587402344,2.2827160358428955
30,2026-05-18 12:58:37.762,compute1,12.926979064941406,44.319313049316406,2.2827160358428955
31,2026-05-18 12:58:52.762,compute1,13.939756393432617,44.18722915649414,2.2827160358428955
32,2026-05-18 12:59:07.762,compute1,13.624353408813477,44.44231414794922,2.2827160358428955
33,2026-05-18 12:59:22.762,compute1,12.8071870803833,44.3431396484375,2.2827160358428955
34,2026-05-18 12:59:37.762,compute1,12.901834487915039,44.414974212646484,2.2827160358428955
35,2026-05-18 12:59:52.762,compute1,13.802338600158691,44.38982391357422,2.2827160358428955
36,2026-05-18 13:00:07.762,compute1,13.71402359008789,44.36885452270508,2.2827160358428955
37,2026-05-18 13:00:22.762,compute1,12.786622047424316,44.328880310058594,2.2827160358428955
38,2026-05-18 13:00:37.762,compute1,12.793739318847656,44.39909362792969,2.2827160358428955
39,2026-05-18 13:00:52.762,compute1,13.760492324829102,44.38520812988281,2.2827160358428955
40,2026-05-18 13:01:07.762,compute1,13.742138862609863,44.37331008911133,2.2827160358428955
41,2026-05-18 13:01:22.762,compute1,12.806941032409668,44.35762023925781,2.2827160358428955
42,2026-05-18 13:01:37.762,compute1,12.843118667602539,44.23786544799805,2.2827160358428955
43,2026-05-18 13:01:52.762,compute1,13.652156829833984,44.19021224975586,2.2827160358428955
44,2026-05-18 13:02:07.762,compute1,13.678832054138184,44.104034423828125,2.2827160358428955
45,2026-05-18 13:02:22.762,compute1,12.821550369262695,44.0670051574707,2.2827160358428955
46,2026-05-18 13:02:37.762,compute1,12.90328598022461,44.236419677734375,2.2827160358428955
47,2026-05-18 13:02:52.762,compute1,13.669666290283203,44.176979064941406,2.2827160358428955
48,2026-05-18 13:03:07.762,compute1,13.631327629089355,44.06284713745117,2.2827160358428955
49,2026-05-18 13:03:22.762,compute1,13.049606323242188,44.00700378417969,2.2827160358428955
50,2026-05-18 13:03:37.762,compute1,12.749260902404785,44.0795783996582,2.2827160358428955
51,2026-05-18 13:03:52.762,compute1,13.499637603759766,43.84181213378906,2.2827160358428955
52,2026-05-18 13:04:07.762,compute1,13.694032669067383,43.94389724731445,2.2827160358428955
53,2026-05-18 13:04:22.762,compute1,12.986767768859863,43.88737487792969,2.2827160358428955
54,2026-05-18 13:04:37.762,compute1,12.732913970947266,43.88469314575195,2.2827160358428955
55,2026-05-18 13:04:52.762,compute1,13.343794822692871,43.9906005859375,2.2827160358428955
56,2026-05-18 13:05:07.762,compute1,13.554941177368164,43.90392303466797,2.2827160358428955
57,2026-05-18 13:05:22.762,compute1,12.930964469909668,43.953712463378906,2.2827160358428955
58,2026-05-18 13:05:37.762,compute1,12.736071586608887,43.885746002197266,2.2827160358428955
59,2026-05-18 13:05:52.762,compute1,13.20799732208252,43.79911422729492,2.2827160358428955
60,2026-05-18 13:06:07.762,compute1,13.473123550415039,43.6973762512207,2.2827160358428955
61,2026-05-18 13:06:22.762,compute1,12.993250846862793,43.53024673461914,2.2827160358428955
62,2026-05-18 13:06:37.762,compute1,12.737698554992676,43.77669143676758,2.2827160358428955
63,2026-05-18 13:06:52.762,compute1,13.215682029724121,43.766395568847656,2.2827160358428955
64,2026-05-18 13:07:07.762,compute1,13.363747596740723,43.754669189453125,2.2827160358428955
65,2026-05-18 13:07:22.762,compute1,13.118690490722656,43.73717498779297,2.2827160358428955
66,2026-05-18 13:07:37.762,compute1,12.492697715759277,43.97888946533203,2.2827160358428955
67,2026-05-18 13:07:52.762,compute1,13.020471572875977,43.7757568359375,2.2827160358428955
68,2026-05-18 13:08:07.762,compute1,13.410930633544922,43.78498840332031,2.2827160358428955
69,2026-05-18 13:08:22.762,compute1,13.032100677490234,43.82500457763672,2.2827160358428955
70,2026-05-18 13:08:37.762,compute1,12.563831329345703,43.731117248535156,2.2827160358428955
71,2026-05-18 13:08:52.762,compute1,12.904757499694824,43.73793029785156,2.2827160358428955
72,2026-05-18 13:09:07.762,compute1,13.330818176269531,43.63923263549805,2.2827160358428955
73,2026-05-18 13:09:22.762,compute1,13.020285606384277,43.5479736328125,2.2827160358428955
74,2026-05-18 13:09:37.762,compute1,12.503473281860352,43.672279357910156,2.2827160358428955
75,2026-05-18 13:09:52.762,compute1,12.8631591796875,43.61470413208008,2.2827160358428955
76,2026-05-18 13:10:07.762,compute1,13.32962417602539,43.74803161621094,2.2827160358428955
77,2026-05-18 13:10:22.762,compute1,13.096872329711914,43.47505187988281,2.2827160358428955
78,2026-05-18 13:10:37.762,compute1,12.547809600830078,43.304351806640625,2.2827160358428955
79,2026-05-18 13:10:52.762,compute1,12.830326080322266,43.197471618652344,2.2827160358428955
80,2026-05-18 13:11:07.762,compute1,13.262704849243164,43.05112838745117,2.2827160358428955
81,2026-05-18 13:11:22.762,compute1,13.329204559326172,43.3502197265625,2.2827160358428955
82,2026-05-18 13:11:37.762,compute1,12.503217697143555,43.32775115966797,2.2827160358428955
83,2026-05-18 13:11:52.762,compute1,12.823219299316406,43.34724807739258,2.2827160358428955
84,2026-05-18 13:12:07.762,compute1,13.25951862335205,43.34021759033203,2.2827160358428955
85,2026-05-18 13:12:22.762,compute1,13.27818489074707,43.37681579589844,2.2827160358428955
86,2026-05-18 13:12:37.762,compute1,12.544708251953125,43.015953063964844,2.2827160358428955
87,2026-05-18 13:12:52.762,compute1,12.668776512145996,42.988346099853516,2.2827160358428955
88,2026-05-18 13:13:07.762,compute1,13.09416389465332,43.165794372558594,2.2827160358428955
89,2026-05-18 13:13:22.762,compute1,13.17338752746582,42.740596771240234,2.2827160358428955
90,2026-05-18 13:13:37.762,compute1,12.445701599121094,43.05907440185547,2.2827160358428955
91,2026-05-18 13:13:52.762,compute1,12.595257759094238,42.757259368896484,2.2827160358428955
92,2026-05-18 13:14:07.762,compute1,13.031064987182617,42.74212646484375,2.2827160358428955
93,2026-05-18 13:14:22.762,compute1,13.162193298339844,42.81692123413086,2.2827160358428955
94,2026-05-18 13:14:37.762,compute1,12.41668701171875,42.469303131103516,2.2827160358428955
95,2026-05-18 13:14:52.762,compute1,12.516258239746094,42.32831954956055,2.2827160358428955
96,2026-05-18 13:15:07.762,compute1,12.850361824035645,40.91972732543945,2.2827160358428955
97,2026-05-18 13:15:22.762,compute1,13.158496856689453,41.104312896728516,2.2827160358428955
98,2026-05-18 13:15:37.762,compute1,12.298185348510742,40.91712951660156,2.2827160358428955
99,2026-05-18 13:15:52.762,compute1,12.449159622192383,41.13151931762695,2.2827160358428955
100,2026-05-18 13:16:07.762,compute1,12.867269515991211,40.67059326171875,2.2827160358428955
101,2026-05-18 13:16:22.762,compute1,13.08661937713623,40.76877212524414,2.2827160358428955
102,2026-05-18 13:16:37.762,compute1,12.296879768371582,40.51568603515625,2.2827160358428955
103,2026-05-18 13:16:52.762,compute1,12.28422737121582,40.48688507080078,2.2827160358428955
104,2026-05-18 13:17:07.762,compute1,12.677936553955078,40.40162658691406,2.2827160358428955
105,2026-05-18 13:17:22.762,compute1,12.921215057373047,40.22757339477539,2.2827160358428955
106,2026-05-18 13:17:37.762,compute1,12.219965934753418,40.21233367919922,2.2827160358428955
107,2026-05-18 13:17:52.762,compute1,12.244274139404297,39.97206115722656,2.2827160358428955
108,2026-05-18 13:18:07.762,compute1,12.64035415649414,39.952476501464844,2.2827160358428955
109,2026-05-18 13:18:22.762,compute1,12.895333290100098,39.83294677734375,2.2827160358428955
110,2026-05-18 13:18:37.762,compute1,12.185938835144043,39.83917236328125,2.2827160358428955
111,2026-05-18 13:18:52.762,compute1,12.161970138549805,39.58771514892578,2.2827160358428955
112,2026-05-18 13:19:07.762,compute1,12.47545337677002,39.37997817993164,2.2827160358428955
113,2026-05-18 13:19:22.762,compute1,12.736907958984375,39.29426956176758,2.2827160358428955
114,2026-05-18 13:19:37.762,compute1,12.24319839477539,39.28400802612305,2.2827160358428955
115,2026-05-18 13:19:52.762,compute1,12.141481399536133,39.50843048095703,2.2827160358428955
116,2026-05-18 13:20:07.762,compute1,12.43959903717041,39.18978500366211,2.2827160358428955
117,2026-05-18 13:20:22.762,compute1,12.675130844116211,39.29677963256836,2.2827160358428955
118,2026-05-18 13:20:37.762,compute1,12.116748809814453,39.224788665771484,2.2827160358428955
119,2026-05-18 13:20:52.762,compute1,12.040295600891113,39.19164276123047,2.2827160358428955
120,2026-05-18 13:21:07.762,compute1,12.259275436401367,39.182106018066406,2.2827160358428955
121,2026-05-18 13:21:22.762,compute1,12.453972816467285,39.04620361328125,2.2827160358428955
122,2026-05-18 13:21:37.762,compute1,12.057516098022461,39.05504608154297,2.2827160358428955
123,2026-05-18 13:21:52.762,compute1,12.013250350952148,38.93633270263672,2.2827160358428955
124,2026-05-18 13:22:07.762,compute1,12.29486083984375,38.898319244384766,2.2827160358428955
125,2026-05-18 13:22:22.762,compute1,12.477792739868164,38.74972915649414,2.2827160358428955
126,2026-05-18 13:22:37.762,compute1,12.11592960357666,38.75597381591797,2.2827160358428955
127,2026-05-18 13:22:52.762,compute1,12.014617919921875,38.53025817871094,2.2827160358428955
128,2026-05-18 13:23:07.762,compute1,12.311579704284668,38.40077209472656,2.2827160358428955
129,2026-05-18 13:23:22.762,compute1,12.476201057434082,38.330421447753906,2.2827160358428955
130,2026-05-18 13:23:37.762,compute1,12.142995834350586,38.286643981933594,2.2827160358428955
131,2026-05-18 13:23:52.762,compute1,11.943281173706055,38.42234420776367,2.2827160358428955
132,2026-05-18 13:24:07.762,compute1,12.274030685424805,38.26351547241211,2.2827160358428955
133,2026-05-18 13:24:22.762,compute1,12.489339828491211,38.32160186767578,2.2827160358428955
134,2026-05-18 13:24:37.762,compute1,12.047293663024902,38.28294372558594,2.2827160358428955
135,2026-05-18 13:24:52.762,compute1,11.912355422973633,38.26589584350586,2.2827160358428955
136,2026-05-18 13:25:07.762,compute1,12.148895263671875,38.242164611816406,2.2827160358428955
137,2026-05-18 13:25:22.762,compute1,12.243555068969727,38.1663818359375,2.2827160358428955
138,2026-05-18 13:25:37.762,compute1,12.059019088745117,38.13019943237305,2.2827160358428955
139,2026-05-18 13:25:52.762,compute1,11.886958122253418,38.07500457763672,2.2827160358428955
140,2026-05-18 13:26:07.762,compute1,12.127436637878418,38.020076751708984,2.2827160358428955
141,2026-05-18 13:26:22.762,compute1,12.266176223754883,37.928592681884766,2.2827160358428955
142,2026-05-18 13:26:37.762,compute1,12.094950675964355,37.904361724853516,2.2827160358428955
143,2026-05-18 13:26:52.762,compute1,11.889217376708984,37.75724792480469,2.2827160358428955
144,2026-05-18 13:27:07.762,compute1,12.027569770812988,37.51282501220703,2.2827160358428955
145,2026-05-18 13:27:22.762,compute1,12.21308708190918,37.38322067260742,2.2827160358428955
146,2026-05-18 13:27:37.762,compute1,12.171459197998047,37.3684196472168,2.2827160358428955
147,2026-05-18 13:27:52.762,compute1,11.871651649475098,37.48911666870117,2.2827160358428955
148,2026-05-18 13:28:07.762,compute1,12.044278144836426,37.40607833862305,2.2827160358428955
149,2026-05-18 13:28:22.762,compute1,12.177471160888672,37.402462005615234,2.2827160358428955
150,2026-05-18 13:28:37.762,compute1,12.024238586425781,37.44856262207031,2.2827160358428955
151,2026-05-18 13:28:52.762,compute1,11.861112594604492,37.41034698486328,2.2827160358428955
152,2026-05-18 13:29:07.762,compute1,11.93290901184082,37.371253967285156,2.2827160358428955
153,2026-05-18 13:29:22.762,compute1,12.03464412689209,37.30781936645508,2.2827160358428955
154,2026-05-18 13:29:37.762,compute1,12.086396217346191,37.198429107666016,2.2827160358428955
155,2026-05-18 13:29:52.762,compute1,11.787496566772461,37.20327377319336,2.2827160358428955
156,2026-05-18 13:30:07.762,compute1,11.963650703430176,37.17436218261719,2.2827160358428955
157,2026-05-18 13:30:22.762,compute1,12.048983573913574,37.066986083984375,2.2827160358428955
158,2026-05-18 13:30:37.762,compute1,12.148079872131348,37.073753356933594,2.2827160358428955
159,2026-05-18 13:30:52.762,compute1,11.871430397033691,36.97661590576172,2.2827160358428955
160,2026-05-18 13:31:07.762,compute1,11.872800827026367,37.05471420288086,2.2827160358428955
161,2026-05-18 13:31:22.762,compute1,11.98855209350586,36.91547775268555,2.2827160358428955
162,2026-05-18 13:31:37.762,compute1,12.292886734008789,36.93653106689453,2.2827160358428955
163,2026-05-18 13:31:52.762,compute1,11.798239707946777,37.02082061767578,2.2827160358428955
164,2026-05-18 13:32:07.762,compute1,11.918309211730957,36.965152740478516,2.2827160358428955
165,2026-05-18 13:32:22.762,compute1,11.987565994262695,36.9526252746582,2.2827160358428955
166,2026-05-18 13:32:37.762,compute1,12.183395385742188,37.03849411010742,2.2827160358428955
167,2026-05-18 13:32:52.762,compute1,11.78388500213623,37.00196838378906,2.2827160358428955
168,2026-05-18 13:33:07.762,compute1,11.840005874633789,36.982513427734375,2.2827160358428955
169,2026-05-18 13:33:22.762,compute1,11.853477478027344,36.918453216552734,2.2827160358428955
170,2026-05-18 13:33:37.762,compute1,12.121179580688477,36.79898452758789,2.2827160358428955
171,2026-05-18 13:33:52.762,compute1,11.72888469696045,36.79152297973633,2.2827160358428955
172,2026-05-18 13:34:07.762,compute1,11.837556838989258,36.784969329833984,2.2827160358428955
173,2026-05-18 13:34:22.762,compute1,11.817400932312012,36.66843032836914,2.2827160358428955
174,2026-05-18 13:34:37.762,compute1,12.103336334228516,36.705528259277344,2.2827160358428955
175,2026-05-18 13:34:52.762,compute1,11.766157150268555,36.62345886230469,2.2827160358428955
176,2026-05-18 13:35:07.762,compute1,11.644647598266602,36.30438232421875,2.2827160358428955
177,2026-05-18 13:35:22.762,compute1,11.65451717376709,36.17782211303711,2.2827160358428955
178,2026-05-18 13:35:37.762,compute1,12.057826042175293,36.274681091308594,2.2827160358428955
179,2026-05-18 13:35:52.762,compute1,11.566832542419434,36.298370361328125,2.2827160358428955
180,2026-05-18 13:36:07.762,compute1,11.715295791625977,36.30436325073242,2.2827160358428955
181,2026-05-18 13:36:22.762,compute1,11.661792755126953,36.28530502319336,2.2827160358428955
182,2026-05-18 13:36:37.762,compute1,11.89495849609375,36.30485153198242,2.2827160358428955
183,2026-05-18 13:36:52.762,compute1,11.560569763183594,36.32716369628906,2.2827160358428955
184,2026-05-18 13:37:07.762,compute1,11.650557518005371,36.3172721862793,2.2827160358428955
185,2026-05-18 13:37:22.762,compute1,11.526949882507324,36.302303314208984,2.2827160358428955
186,2026-05-18 13:37:37.762,compute1,11.892330169677734,36.191253662109375,2.2827160358428955
187,2026-05-18 13:37:52.762,compute1,11.538776397705078,36.150386810302734,2.2827160358428955
188,2026-05-18 13:38:07.762,compute1,11.653631210327148,36.13594436645508,2.2827160358428955
189,2026-05-18 13:38:22.762,compute1,11.484244346618652,36.05173873901367,2.2827160358428955
190,2026-05-18 13:38:37.762,compute1,11.834643363952637,36.130455017089844,2.2827160358428955
191,2026-05-18 13:38:52.762,compute1,11.550139427185059,36.061378479003906,2.2827160358428955
192,2026-05-18 13:39:07.762,compute1,11.46406364440918,35.87417984008789,2.2827160358428955
193,2026-05-18 13:39:22.762,compute1,11.456953048706055,35.84107208251953,2.2827160358428955
194,2026-05-18 13:39:37.762,compute1,11.736183166503906,35.926090240478516,2.2827160358428955
195,2026-05-18 13:39:52.762,compute1,11.389684677124023,35.91448211669922,2.2827160358428955
196,2026-05-18 13:40:07.762,compute1,11.559845924377441,35.942604064941406,2.2827160358428955
197,2026-05-18 13:40:22.762,compute1,11.458908081054688,35.91453170776367,2.2827160358428955
198,2026-05-18 13:40:37.762,compute1,11.571085929870605,35.85927963256836,2.2827160358428955
199,2026-05-18 13:40:52.762,compute1,11.355871200561523,35.960205078125,2.2827160358428955
200,2026-05-18 13:41:07.762,compute1,11.51134204864502,35.91242218017578,2.2827160358428955
201,2026-05-18 13:41:22.762,compute1,11.418551445007324,35.91812515258789,2.2827160358428955
202,2026-05-18 13:41:37.762,compute1,11.582983016967773,35.8045539855957,2.2827160358428955
203,2026-05-18 13:41:52.762,compute1,11.387552261352539,35.790931701660156,2.2827160358428955
204,2026-05-18 13:42:07.762,compute1,11.545604705810547,35.76588821411133,2.2827160358428955
205,2026-05-18 13:42:22.762,compute1,11.407821655273438,35.71930694580078,2.2827160358428955
206,2026-05-18 13:42:37.762,compute1,11.603279113769531,35.79712677001953,2.2827160358428955
207,2026-05-18 13:42:52.762,compute1,11.390091896057129,35.73147201538086,2.2827160358428955
208,2026-05-18 13:43:07.762,compute1,11.285579681396484,35.74211502075195,2.2827160358428955
209,2026-05-18 13:43:22.762,compute1,11.285422325134277,35.723812103271484,2.2827160358428955
210,2026-05-18 13:43:37.762,compute1,11.543689727783203,35.7930908203125,2.2827160358428955
211,2026-05-18 13:43:52.762,compute1,11.25783920288086,35.76797103881836,2.2827160358428955
212,2026-05-18 13:44:07.762,compute1,11.405688285827637,35.75722885131836,2.2827160358428955
213,2026-05-18 13:44:22.762,compute1,11.340024948120117,35.745880126953125,2.2827160358428955
214,2026-05-18 13:44:37.762,compute1,11.448339462280273,35.660972595214844,2.2827160358428955
215,2026-05-18 13:44:52.762,compute1,11.27100944519043,35.8036994934082,2.2827160358428955
216,2026-05-18 13:45:07.762,compute1,11.420957565307617,35.74614715576172,2.2827160358428955
217,2026-05-18 13:45:22.762,compute1,11.340493202209473,35.74430847167969,2.2827160358428955
218,2026-05-18 13:45:37.762,compute1,11.479842185974121,35.659767150878906,2.2827160358428955
219,2026-05-18 13:45:52.762,compute1,11.339499473571777,35.64820861816406,2.2827160358428955
220,2026-05-18 13:46:07.762,compute1,11.484960556030273,35.61810302734375,2.2827160358428955
221,2026-05-18 13:46:22.762,compute1,11.341936111450195,35.56633758544922,2.2827160358428955
222,2026-05-18 13:46:37.762,compute1,11.502189636230469,35.663429260253906,2.2827160358428955
223,2026-05-18 13:46:52.762,compute1,11.368792533874512,35.60011672973633,2.2827160358428955
224,2026-05-18 13:47:07.762,compute1,11.2652587890625,35.620399475097656,2.2827160358428955
225,2026-05-18 13:47:22.762,compute1,11.215498924255371,35.59638595581055,2.2827160358428955
226,2026-05-18 13:47:37.762,compute1,11.432428359985352,35.651309967041016,2.2827160358428955
227,2026-05-18 13:47:52.762,compute1,11.177912712097168,35.616676330566406,2.2827160358428955
228,2026-05-18 13:48:07.762,compute1,11.369453430175781,35.567142486572266,2.2827160358428955
229,2026-05-18 13:48:22.762,compute1,11.237382888793945,35.57941436767578,2.2827160358428955
230,2026-05-18 13:48:37.762,compute1,11.343140602111816,35.48536682128906,2.2827160358428955
231,2026-05-18 13:48:52.762,compute1,11.14361572265625,35.60740280151367,2.2827160358428955
232,2026-05-18 13:49:07.762,compute1,11.354308128356934,35.57272720336914,2.2827160358428955
233,2026-05-18 13:49:22.762,compute1,11.178796768188477,35.58436965942383,2.2827160358428955
234,2026-05-18 13:49:37.762,compute1,11.335274696350098,35.53254318237305,2.2827160358428955
235,2026-05-18 13:49:52.762,compute1,11.205495834350586,35.5300178527832,2.2827160358428955
236,2026-05-18 13:50:07.762,compute1,11.350635528564453,35.46623611450195,2.2827160358428955
237,2026-05-18 13:50:22.762,compute1,11.168684005737305,35.41455078125,2.2827160358428955
238,2026-05-18 13:50:37.762,compute1,11.330389022827148,35.530006408691406,2.2827160358428955
239,2026-05-18 13:50:52.762,compute1,11.21426010131836,35.48127365112305,2.2827160358428955
240,2026-05-18 13:51:07.762,compute1,11.183187484741211,35.62247085571289,2.2827160358428955
241,2026-05-18 13:51:22.762,compute1,11.094361305236816,35.602577209472656,2.2827160358428955
242,2026-05-18 13:51:37.762,compute1,11.288287162780762,35.65853500366211,2.2827160358428955
243,2026-05-18 13:51:52.762,compute1,11.2186861038208,35.628360748291016,2.2827160358428955
244,2026-05-18 13:52:07.762,compute1,11.300064086914062,35.577754974365234,2.2827160358428955
245,2026-05-18 13:52:22.762,compute1,11.121431350708008,35.608299255371094,2.2827160358428955
246,2026-05-18 13:52:37.762,compute1,11.235944747924805,35.514163970947266,2.2827160358428955
247,2026-05-18 13:52:52.762,compute1,11.14883804321289,35.63859176635742,2.2827160358428955
248,2026-05-18 13:53:07.762,compute1,11.275580406188965,35.59871292114258,2.2827160358428955
249,2026-05-18 13:53:22.762,compute1,11.11125659942627,35.61541748046875,2.2827160358428955
250,2026-05-18 13:53:37.762,compute1,11.23049545288086,35.56455993652344,2.2827160358428955
251,2026-05-18 13:53:52.762,compute1,11.186925888061523,35.55545425415039,2.2827160358428955
252,2026-05-18 13:54:07.762,compute1,11.31387710571289,35.503143310546875,2.2827160358428955
253,2026-05-18 13:54:22.762,compute1,11.154501914978027,35.451881408691406,2.2827160358428955
254,2026-05-18 13:54:37.762,compute1,11.271209716796875,35.5684928894043,2.2827160358428955
255,2026-05-18 13:54:52.762,compute1,11.258261680603027,35.52728271484375,2.2827160358428955
256,2026-05-18 13:55:07.762,compute1,11.102396965026855,35.610660552978516,2.2827160358428955
257,2026-05-18 13:55:22.762,compute1,11.105032920837402,35.58440017700195,2.2827160358428955
258,2026-05-18 13:55:37.762,compute1,11.269979476928711,35.627464294433594,2.2827160358428955
259,2026-05-18 13:55:52.762,compute1,11.212981224060059,35.60279083251953,2.2827160358428955
260,2026-05-18 13:56:07.762,compute1,11.246053695678711,35.54864501953125,2.2827160358428955
261,2026-05-18 13:56:22.762,compute1,11.150779724121094,35.57889175415039,2.2827160358428955
262,2026-05-18 13:56:37.762,compute1,11.269353866577148,35.4923095703125,2.2827160358428955
263,2026-05-18 13:56:52.762,compute1,11.148353576660156,35.60513687133789,2.2827160358428955
264,2026-05-18 13:57:07.762,compute1,11.316770553588867,35.5897102355957,2.2827160358428955
265,2026-05-18 13:57:22.762,compute1,11.157934188842773,35.59392547607422,2.2827160358428955
266,2026-05-18 13:57:37.762,compute1,11.263400077819824,35.549896240234375,2.2827160358428955
267,2026-05-18 13:57:52.762,compute1,11.251108169555664,35.54167938232422,2.2827160358428955
268,2026-05-18 13:58:07.762,compute1,11.37544059753418,35.478057861328125,2.2827160358428955
269,2026-05-18 13:58:22.762,compute1,11.250980377197266,35.42725372314453,2.2827160358428955
270,2026-05-18 13:58:37.762,compute1,11.296398162841797,35.55751419067383,2.2827160358428955
271,2026-05-18 13:58:52.762,compute1,11.344588279724121,35.508209228515625,2.2827160358428955
272,2026-05-18 13:59:07.762,compute1,11.264932632446289,35.60567855834961,2.2827160358428955
273,2026-05-18 13:59:22.762,compute1,11.230294227600098,35.57767868041992,2.2827160358428955
274,2026-05-18 13:59:37.762,compute1,11.36522102355957,35.629798889160156,2.2827160358428955
275,2026-05-18 13:59:52.762,compute1,11.303305625915527,35.59980392456055,2.2827160358428955
276,2026-05-18 14:00:07.762,compute1,11.376157760620117,35.55482482910156,2.2827160358428955
277,2026-05-18 14:00:22.762,compute1,11.203795433044434,35.57179641723633,2.2827160358428955
278,2026-05-18 14:00:37.762,compute1,11.29980182647705,35.493141174316406,2.2827160358428955
279,2026-05-18 14:00:52.762,compute1,11.254575729370117,35.6092529296875,2.2827160358428955
280,2026-05-18 14:01:07.762,compute1,11.372116088867188,35.59579849243164,2.2827160358428955
281,2026-05-18 14:01:22.762,compute1,11.196183204650879,35.59873580932617,2.2827160358428955
282,2026-05-18 14:01:37.762,compute1,11.379704475402832,35.55233383178711,2.2827160358428955
283,2026-05-18 14:01:52.762,compute1,11.296728134155273,35.543060302734375,2.2827160358428955
284,2026-05-18 14:02:07.762,compute1,11.365443229675293,35.479305267333984,2.2827160358428955
285,2026-05-18 14:02:22.762,compute1,11.230690956115723,35.43162155151367,2.2827160358428955
286,2026-05-18 14:02:37.762,compute1,11.36534595489502,35.55448913574219,2.2827160358428955
287,2026-05-18 14:02:52.762,compute1,11.362760543823242,35.526153564453125,2.2827160358428955
288,2026-05-18 14:03:07.762,compute1,11.179826736450195,35.623817443847656,2.2827160358428955
289,2026-05-18 14:03:22.762,compute1,11.07661247253418,35.59641647338867,2.2827160358428955
290,2026-05-18 14:03:37.762,compute1,11.366454124450684,35.6536979675293,2.2827160358428955
291,2026-05-18 14:03:52.762,compute1,11.263161659240723,35.61743927001953,2.2827160358428955
292,2026-05-18 14:04:07.762,compute1,11.336429595947266,35.57883834838867,2.2827160358428955
293,2026-05-18 14:04:22.762,compute1,11.058859825134277,35.5809440612793,2.2827160358428955
294,2026-05-18 14:04:37.762,compute1,11.276971817016602,35.48825454711914,2.2827160358428955
295,2026-05-18 14:04:52.762,compute1,11.218055725097656,35.63106918334961,2.2827160358428955
296,2026-05-18 14:05:07.762,compute1,11.312119483947754,35.599830627441406,2.2827160358428955
297,2026-05-18 14:05:22.762,compute1,11.114781379699707,35.61309051513672,2.2827160358428955
298,2026-05-18 14:05:37.762,compute1,11.352682113647461,35.564842224121094,2.2827160358428955
299,2026-05-18 14:05:52.762,compute1,11.257332801818848,35.5498046875,2.2827160358428955
300,2026-05-18 12:51:07.762,compute2,17.876178741455078,59.46288299560547,1.0599223375320435
301,2026-05-18 12:51:22.762,compute2,18.815773010253906,59.467376708984375,1.0607695579528809
302,2026-05-18 12:51:37.762,compute2,19.108278274536133,59.46979904174805,1.0604497194290161
303,2026-05-18 12:51:52.762,compute2,19.654560089111328,59.463924407958984,1.060091495513916
304,2026-05-18 12:52:07.762,compute2,17.77161407470703,59.46672821044922,1.0602058172225952
305,2026-05-18 12:52:22.762,compute2,18.838655471801758,59.472442626953125,1.0600069761276245
306,2026-05-18 12:52:37.762,compute2,19.313701629638672,59.47724151611328,1.0595506429672241
307,2026-05-18 12:52:52.762,compute2,19.722490310668945,59.47824478149414,1.0599256753921509
308,2026-05-18 12:53:07.762,compute2,17.806673049926758,59.48019790649414,1.059648036956787
309,2026-05-18 12:53:22.762,compute2,18.928892135620117,59.48419189453125,1.0595568418502808
310,2026-05-18 12:53:37.762,compute2,19.250064849853516,59.490238189697266,1.0595041513442993
311,2026-05-18 12:53:52.762,compute2,19.82445526123047,59.49412536621094,1.0591202974319458
312,2026-05-18 12:54:07.762,compute2,17.96988868713379,59.49419021606445,1.0593602657318115
313,2026-05-18 12:54:22.762,compute2,18.686378479003906,59.49310302734375,1.0590190887451172
314,2026-05-18 12:54:37.762,compute2,19.123680114746094,59.4962158203125,1.0589866638183594
315,2026-05-18 12:54:52.762,compute2,19.63532257080078,59.49726486206055,1.0596699714660645
316,2026-05-18 12:55:07.762,compute2,18.435943603515625,59.50213623046875,1.0595117807388306
317,2026-05-18 12:55:22.762,compute2,18.809608459472656,59.49980926513672,1.060544729232788
318,2026-05-18 12:55:37.762,compute2,19.00299644470215,59.497711181640625,1.060241937637329
319,2026-05-18 12:55:52.762,compute2,19.687692642211914,59.487770080566406,1.0601192712783813
320,2026-05-18 12:56:07.762,compute2,18.349578857421875,59.48347091674805,1.060208797454834
321,2026-05-18 12:56:22.762,compute2,18.78470230102539,59.48457717895508,1.0603445768356323
322,2026-05-18 12:56:37.762,compute2,19.033531188964844,59.488868713378906,1.0595812797546387
323,2026-05-18 12:56:52.762,compute2,19.609647750854492,59.489898681640625,1.0599119663238525
324,2026-05-18 12:57:07.762,compute2,18.33694076538086,59.487548828125,1.0596559047698975
325,2026-05-18 12:57:22.762,compute2,18.753238677978516,59.488037109375,1.0597716569900513
326,2026-05-18 12:57:37.762,compute2,18.823379516601562,59.494041442871094,1.0596659183502197
327,2026-05-18 12:57:52.762,compute2,19.765579223632812,59.500160217285156,1.0594345331192017
328,2026-05-18 12:58:07.762,compute2,18.380619049072266,59.504146575927734,1.0595604181289673
329,2026-05-18 12:58:22.762,compute2,18.60488510131836,59.505367279052734,1.0592650175094604
330,2026-05-18 12:58:37.762,compute2,18.77008056640625,59.51247024536133,1.059277892112732
331,2026-05-18 12:58:52.762,compute2,19.502099990844727,59.51748275756836,1.060122013092041
332,2026-05-18 12:59:07.762,compute2,18.395835876464844,59.559532165527344,1.0597612857818604
333,2026-05-18 12:59:22.762,compute2,18.588802337646484,59.56111145019531,1.0609641075134277
334,2026-05-18 12:59:37.762,compute2,18.577247619628906,59.56439208984375,1.0606913566589355
335,2026-05-18 12:59:52.762,compute2,18.589258193969727,59.559791564941406,1.0607869625091553
336,2026-05-18 13:00:07.762,compute2,18.437931060791016,59.553375244140625,1.0609098672866821
337,2026-05-18 13:00:22.762,compute2,65.86481475830078,68.43183898925781,1.0613024234771729
338,2026-05-18 13:00:37.762,compute2,66.40630340576172,68.55915832519531,1.0605432987213135
339,2026-05-18 13:00:52.762,compute2,67.300537109375,68.37361145019531,1.0607154369354248
340,2026-05-18 13:01:07.762,compute2,67.3482437133789,68.52635955810547,1.0602494478225708
341,2026-05-18 13:01:22.762,compute2,67.4263687133789,68.82156372070312,1.060368299484253
342,2026-05-18 13:01:37.762,compute2,67.1371078491211,68.8621597290039,1.0602895021438599
343,2026-05-18 13:01:52.762,compute2,66.86907958984375,69.0142822265625,1.0602083206176758
344,2026-05-18 13:02:07.762,compute2,66.6598892211914,68.92070770263672,1.0606420040130615
345,2026-05-18 13:02:22.762,compute2,66.74375915527344,68.60004425048828,1.0607348680496216
346,2026-05-18 13:02:37.762,compute2,66.82093811035156,68.74441528320312,1.0607123374938965
347,2026-05-18 13:02:52.762,compute2,66.37940216064453,68.45751190185547,1.0616700649261475
348,2026-05-18 13:03:07.762,compute2,67.0547103881836,69.06588745117188,1.0617554187774658
349,2026-05-18 13:03:22.762,compute2,67.0285873413086,69.0580825805664,1.0622508525848389
350,2026-05-18 13:03:37.762,compute2,67.20030212402344,69.14027404785156,1.0623892545700073
351,2026-05-18 13:03:52.762,compute2,67.0902099609375,69.07296752929688,1.062636375427246
352,2026-05-18 13:04:07.762,compute2,67.0086669921875,69.14596557617188,1.0625863075256348
353,2026-05-18 13:04:22.762,compute2,66.45529174804688,68.94891357421875,1.0626095533370972
354,2026-05-18 13:04:37.762,compute2,66.91455841064453,69.078857421875,1.0620622634887695
355,2026-05-18 13:04:52.762,compute2,67.25630950927734,69.04354095458984,1.062146544456482
356,2026-05-18 13:05:07.762,compute2,67.36752319335938,69.06979370117188,1.0618458986282349
357,2026-05-18 13:05:22.762,compute2,67.26409912109375,69.01688385009766,1.0619229078292847
358,2026-05-18 13:05:37.762,compute2,67.1781005859375,68.95309448242188,1.061920404434204
359,2026-05-18 13:05:52.762,compute2,67.11931610107422,68.9205322265625,1.0620421171188354
360,2026-05-18 13:06:07.762,compute2,66.67237854003906,68.8039779663086,1.0622730255126953
361,2026-05-18 13:06:22.762,compute2,66.75431060791016,68.808349609375,1.0625227689743042
362,2026-05-18 13:06:37.762,compute2,67.18218231201172,68.83792114257812,1.0627241134643555
363,2026-05-18 13:06:52.762,compute2,67.0943374633789,68.72897338867188,1.0635197162628174
364,2026-05-18 13:07:07.762,compute2,67.07284545898438,68.75888061523438,1.0639094114303589
365,2026-05-18 13:07:22.762,compute2,67.20927429199219,68.74649047851562,1.0632351636886597
366,2026-05-18 13:07:37.762,compute2,66.92755126953125,68.81792449951172,1.0642304420471191
367,2026-05-18 13:07:52.762,compute2,66.73002624511719,68.80313873291016,1.0644030570983887
368,2026-05-18 13:08:07.762,compute2,66.86459350585938,68.80074310302734,1.0637162923812866
369,2026-05-18 13:08:22.762,compute2,66.19859313964844,67.73263549804688,1.063380479812622
370,2026-05-18 13:08:37.762,compute2,66.80056762695312,68.73910522460938,1.0630617141723633
371,2026-05-18 13:08:52.762,compute2,66.9461669921875,68.64852905273438,1.0624990463256836
372,2026-05-18 13:09:07.762,compute2,67.2337875366211,68.03775024414062,1.0626754760742188
373,2026-05-18 13:09:22.762,compute2,67.31686401367188,67.81560516357422,1.0626091957092285
374,2026-05-18 13:09:37.762,compute2,67.58368682861328,68.45777130126953,1.0627192258834839
375,2026-05-18 13:09:52.762,compute2,67.45924377441406,68.75114440917969,1.0632070302963257
376,2026-05-18 13:10:07.762,compute2,67.34748840332031,68.67149353027344,1.0630372762680054
377,2026-05-18 13:10:22.762,compute2,20.50432777404785,59.702369689941406,1.0637757778167725
378,2026-05-18 13:10:37.762,compute2,19.801437377929688,59.682701110839844,1.0637177228927612
379,2026-05-18 13:10:52.762,compute2,19.82628631591797,59.66938400268555,1.0643001794815063
380,2026-05-18 13:11:07.762,compute2,19.377058029174805,59.53227996826172,1.0638662576675415
381,2026-05-18 13:11:22.762,compute2,18.94150161743164,59.53207015991211,1.0616295337677002
382,2026-05-18 13:11:37.762,compute2,18.790014266967773,59.540199279785156,1.062530517578125
383,2026-05-18 13:11:52.762,compute2,19.210424423217773,59.538753509521484,1.0621799230575562
384,2026-05-18 13:12:07.762,compute2,19.616050720214844,59.53590393066406,1.0610871315002441
385,2026-05-18 13:12:22.762,compute2,19.329187393188477,59.52980422973633,1.0613898038864136
386,2026-05-18 13:12:37.762,compute2,18.911216735839844,59.53571319580078,1.0612801313400269
387,2026-05-18 13:12:52.762,compute2,18.99907875061035,59.53076171875,1.0606764554977417
388,2026-05-18 13:13:07.762,compute2,19.36266326904297,59.53252029418945,1.061198115348816
389,2026-05-18 13:13:22.762,compute2,19.169086456298828,59.55181121826172,1.0608946084976196
390,2026-05-18 13:13:37.762,compute2,18.921388626098633,59.542274475097656,1.0612483024597168
391,2026-05-18 13:13:52.762,compute2,18.96161651611328,59.546390533447266,1.0615878105163574
392,2026-05-18 13:14:07.762,compute2,19.461009979248047,59.54704284667969,1.0617780685424805
393,2026-05-18 13:14:22.762,compute2,19.180389404296875,59.54533767700195,1.0620211362838745
394,2026-05-18 13:14:37.762,compute2,18.781217575073242,59.547882080078125,1.0617462396621704
395,2026-05-18 13:14:52.762,compute2,18.96658706665039,59.555389404296875,1.0621237754821777
396,2026-05-18 13:15:07.762,compute2,19.185861587524414,59.53565979003906,1.0637372732162476
397,2026-05-18 13:15:22.762,compute2,19.494997024536133,59.53653335571289,1.062447428703308
398,2026-05-18 13:15:37.762,compute2,18.941316604614258,59.53822708129883,1.0618101358413696
399,2026-05-18 13:15:52.762,compute2,18.86273765563965,59.535240173339844,1.0611016750335693
400,2026-05-18 13:16:07.762,compute2,19.24156951904297,59.53407669067383,1.060662865638733
401,2026-05-18 13:16:22.762,compute2,19.549606323242188,59.53634262084961,1.0616496801376343
402,2026-05-18 13:16:37.762,compute2,18.935516357421875,59.54102325439453,1.0612164735794067
403,2026-05-18 13:16:52.762,compute2,18.831504821777344,59.5400505065918,1.0609110593795776
404,2026-05-18 13:17:07.762,compute2,19.116912841796875,59.542869567871094,1.061170220375061
405,2026-05-18 13:17:22.762,compute2,19.565570831298828,59.544986724853516,1.0608116388320923
406,2026-05-18 13:17:37.762,compute2,18.81230926513672,59.551387786865234,1.0611876249313354
407,2026-05-18 13:17:52.762,compute2,18.778654098510742,59.55554962158203,1.0624486207962036
408,2026-05-18 13:18:07.762,compute2,19.110252380371094,59.55720138549805,1.0619513988494873
409,2026-05-18 13:18:22.762,compute2,19.425771713256836,59.553524017333984,1.0624738931655884
410,2026-05-18 13:18:37.762,compute2,18.853313446044922,59.557090759277344,1.0616474151611328
411,2026-05-18 13:18:52.762,compute2,18.822416305541992,59.55545425415039,1.0625594854354858
412,2026-05-18 13:19:07.762,compute2,19.016468048095703,59.54825210571289,1.064178466796875
413,2026-05-18 13:19:22.762,compute2,19.679767608642578,59.54927062988281,1.0617685317993164
414,2026-05-18 13:19:37.762,compute2,18.958969116210938,59.549434661865234,1.061820149421692
415,2026-05-18 13:19:52.762,compute2,18.791671752929688,59.54449462890625,1.0609989166259766
416,2026-05-18 13:20:07.762,compute2,19.057722091674805,59.54169845581055,1.060095191001892
417,2026-05-18 13:20:22.762,compute2,19.79828453063965,59.54334259033203,1.0614830255508423
418,2026-05-18 13:20:37.762,compute2,18.949264526367188,59.54631805419922,1.060341715812683
419,2026-05-18 13:20:52.762,compute2,18.818700790405273,59.54814529418945,1.0606664419174194
420,2026-05-18 13:21:07.762,compute2,18.97446060180664,59.54586410522461,1.0611974000930786
421,2026-05-18 13:21:22.762,compute2,19.798839569091797,59.5460090637207,1.0608211755752563
422,2026-05-18 13:21:37.762,compute2,18.932228088378906,59.54925537109375,1.0617775917053223
423,2026-05-18 13:21:52.762,compute2,18.822145462036133,59.553157806396484,1.0625873804092407
424,2026-05-18 13:22:07.762,compute2,19.034135818481445,59.55680847167969,1.0617411136627197
425,2026-05-18 13:22:22.762,compute2,19.5667724609375,59.55303955078125,1.0622615814208984
426,2026-05-18 13:22:37.762,compute2,18.964162826538086,59.56031799316406,1.060389757156372
427,2026-05-18 13:22:52.762,compute2,18.813703536987305,59.558528900146484,1.0615590810775757
428,2026-05-18 13:23:07.762,compute2,18.902873992919922,59.55002975463867,1.0629130601882935
429,2026-05-18 13:23:22.762,compute2,19.75198745727539,59.556819915771484,1.0603758096694946
430,2026-05-18 13:23:37.762,compute2,18.914945602416992,59.566715240478516,1.0604697465896606
431,2026-05-18 13:23:52.762,compute2,18.739967346191406,59.57460403442383,1.0598881244659424
432,2026-05-18 13:24:07.762,compute2,18.983457565307617,59.580570220947266,1.0588470697402954
433,2026-05-18 13:24:22.762,compute2,19.84986686706543,59.58223342895508,1.0600922107696533
434,2026-05-18 13:24:37.762,compute2,19.009502410888672,59.58442306518555,1.058561086654663
435,2026-05-18 13:24:52.762,compute2,18.91402816772461,59.58600616455078,1.0588001012802124
436,2026-05-18 13:25:07.762,compute2,19.09341812133789,59.5797119140625,1.0593743324279785
437,2026-05-18 13:25:22.762,compute2,19.835487365722656,59.57679748535156,1.0595258474349976
438,2026-05-18 13:25:37.762,compute2,19.12657928466797,59.57485580444336,1.0599582195281982
439,2026-05-18 13:25:52.762,compute2,18.848186492919922,59.57563781738281,1.0606883764266968
440,2026-05-18 13:26:07.762,compute2,19.076637268066406,59.57536697387695,1.0601037740707397
441,2026-05-18 13:26:22.762,compute2,19.682735443115234,59.57021713256836,1.0607447624206543
442,2026-05-18 13:26:37.762,compute2,19.0377254486084,59.576717376708984,1.0584819316864014
443,2026-05-18 13:26:52.762,compute2,18.826169967651367,59.572166442871094,1.059802770614624
444,2026-05-18 13:27:07.762,compute2,18.922470092773438,59.556007385253906,1.0622985363006592
445,2026-05-18 13:27:22.762,compute2,19.624324798583984,59.558616638183594,1.0598630905151367
446,2026-05-18 13:27:37.762,compute2,18.853837966918945,59.561222076416016,1.060018539428711
447,2026-05-18 13:27:52.762,compute2,18.632354736328125,59.563079833984375,1.0594022274017334
448,2026-05-18 13:28:07.762,compute2,18.903963088989258,59.563175201416016,1.0585253238677979
449,2026-05-18 13:28:22.762,compute2,19.709821701049805,59.5673828125,1.0594394207000732
450,2026-05-18 13:28:37.762,compute2,18.897062301635742,59.56912612915039,1.0580286979675293
451,2026-05-18 13:28:52.762,compute2,18.732559204101562,59.57217025756836,1.0586029291152954
452,2026-05-18 13:29:07.762,compute2,18.924280166625977,59.57086944580078,1.05880868434906
453,2026-05-18 13:29:22.762,compute2,19.75501251220703,59.572547912597656,1.0590050220489502
454,2026-05-18 13:29:37.762,compute2,18.96628189086914,59.58097839355469,1.0595778226852417
455,2026-05-18 13:29:52.762,compute2,18.767131805419922,59.58728790283203,1.0600858926773071
456,2026-05-18 13:30:07.762,compute2,19.02501678466797,59.590087890625,1.0594234466552734
457,2026-05-18 13:30:22.762,compute2,19.706985473632812,59.5877571105957,1.0604190826416016
458,2026-05-18 13:30:37.762,compute2,19.01109504699707,59.5925407409668,1.0577852725982666
459,2026-05-18 13:30:52.762,compute2,18.866695404052734,59.5899658203125,1.0589429140090942
460,2026-05-18 13:31:07.762,compute2,18.923233032226562,59.57191848754883,1.0609296560287476
461,2026-05-18 13:31:22.762,compute2,19.815969467163086,59.57632827758789,1.0586529970169067
462,2026-05-18 13:31:37.762,compute2,19.052621841430664,59.576297760009766,1.0589245557785034
463,2026-05-18 13:31:52.762,compute2,18.825191497802734,59.574668884277344,1.0583888292312622
464,2026-05-18 13:32:07.762,compute2,18.928909301757812,59.57221984863281,1.0571669340133667
465,2026-05-18 13:32:22.762,compute2,19.963306427001953,59.575584411621094,1.0580109357833862
466,2026-05-18 13:32:37.762,compute2,19.085426330566406,59.57693099975586,1.0565049648284912
467,2026-05-18 13:32:52.762,compute2,18.919496536254883,59.58061981201172,1.0572601556777954
468,2026-05-18 13:33:07.762,compute2,18.918073654174805,59.5782585144043,1.0574537515640259
469,2026-05-18 13:33:22.762,compute2,19.900747299194336,59.57924270629883,1.0574203729629517
470,2026-05-18 13:33:37.762,compute2,19.244531631469727,59.58304977416992,1.0579948425292969
471,2026-05-18 13:33:52.762,compute2,18.98565673828125,59.58515548706055,1.0585967302322388
472,2026-05-18 13:34:07.762,compute2,19.065105438232422,59.58626174926758,1.0578001737594604
473,2026-05-18 13:34:22.762,compute2,19.728591918945312,59.58180236816406,1.0585070848464966
474,2026-05-18 13:34:37.762,compute2,19.27373504638672,59.588191986083984,1.0561625957489014
475,2026-05-18 13:34:52.762,compute2,19.001285552978516,59.5839729309082,1.0573300123214722
476,2026-05-18 13:35:07.762,compute2,19.009761810302734,59.570560455322266,1.0598564147949219
477,2026-05-18 13:35:22.762,compute2,19.709999084472656,59.57549285888672,1.0577514171600342
478,2026-05-18 13:35:37.762,compute2,19.277565002441406,59.579734802246094,1.0582081079483032
479,2026-05-18 13:35:52.762,compute2,18.928998947143555,59.582252502441406,1.0575487613677979
480,2026-05-18 13:36:07.762,compute2,18.91271209716797,59.58272171020508,1.0563688278198242
481,2026-05-18 13:36:22.762,compute2,19.77485466003418,59.58757400512695,1.0569127798080444
482,2026-05-18 13:36:37.762,compute2,19.25974464416504,59.58899688720703,1.0553929805755615
483,2026-05-18 13:36:52.762,compute2,19.04302406311035,59.59482192993164,1.056761384010315
484,2026-05-18 13:37:07.762,compute2,18.886329650878906,59.590274810791016,1.0566208362579346
485,2026-05-18 13:37:22.762,compute2,19.67333984375,59.592498779296875,1.0564225912094116
486,2026-05-18 13:37:37.762,compute2,19.432479858398438,59.59504318237305,1.0571489334106445
487,2026-05-18 13:37:52.762,compute2,19.001413345336914,59.59778594970703,1.057515263557434
488,2026-05-18 13:38:07.762,compute2,19.036231994628906,59.596710205078125,1.0566911697387695
489,2026-05-18 13:38:22.762,compute2,19.634387969970703,59.591514587402344,1.057206630706787
490,2026-05-18 13:38:37.762,compute2,19.382118225097656,59.59672164916992,1.0549910068511963
491,2026-05-18 13:38:52.762,compute2,19.09733772277832,59.59294128417969,1.0558162927627563
492,2026-05-18 13:39:07.762,compute2,19.135669708251953,59.58660125732422,1.0580486059188843
493,2026-05-18 13:39:22.762,compute2,19.81745147705078,59.591407775878906,1.0562384128570557
494,2026-05-18 13:39:37.762,compute2,19.880828857421875,59.589271545410156,1.0568264722824097
495,2026-05-18 13:39:52.762,compute2,19.322463989257812,59.58737564086914,1.0565448999404907
496,2026-05-18 13:40:07.762,compute2,19.259550094604492,59.585758209228516,1.0555411577224731
497,2026-05-18 13:40:22.762,compute2,19.811412811279297,59.5880241394043,1.0558538436889648
498,2026-05-18 13:40:37.762,compute2,20.022262573242188,59.59030532836914,1.0544004440307617
499,2026-05-18 13:40:52.762,compute2,19.20896339416504,59.59317398071289,1.0560576915740967
500,2026-05-18 13:41:07.762,compute2,18.986482620239258,59.58894348144531,1.0556917190551758
501,2026-05-18 13:41:22.762,compute2,19.651994705200195,59.591251373291016,1.0551694631576538
502,2026-05-18 13:41:37.762,compute2,19.812376022338867,59.594139099121094,1.0556572675704956
503,2026-05-18 13:41:52.762,compute2,19.09744644165039,59.59618377685547,1.056313157081604
504,2026-05-18 13:42:07.762,compute2,19.08330535888672,59.595481872558594,1.0554128885269165
505,2026-05-18 13:42:22.762,compute2,19.445392608642578,59.591636657714844,1.0557342767715454
506,2026-05-18 13:42:37.762,compute2,19.696277618408203,59.594825744628906,1.0538105964660645
507,2026-05-18 13:42:52.762,compute2,19.131757736206055,59.58916473388672,1.0544649362564087
508,2026-05-18 13:43:07.762,compute2,19.024555206298828,59.57698440551758,1.0573713779449463
509,2026-05-18 13:43:22.762,compute2,19.562442779541016,59.58089065551758,1.0557764768600464
510,2026-05-18 13:43:37.762,compute2,19.61539649963379,59.58224868774414,1.056545615196228
511,2026-05-18 13:43:52.762,compute2,19.1484317779541,59.58048629760742,1.056052803993225
512,2026-05-18 13:44:07.762,compute2,19.10335922241211,59.58126449584961,1.0550886392593384
513,2026-05-18 13:44:22.762,compute2,19.696624755859375,59.5866584777832,1.0553486347198486
514,2026-05-18 13:44:37.762,compute2,19.7515869140625,59.591041564941406,1.0538283586502075
515,2026-05-18 13:44:52.762,compute2,19.142532348632812,59.59748458862305,1.0554473400115967
516,2026-05-18 13:45:07.762,compute2,19.068979263305664,59.594364166259766,1.0546724796295166
517,2026-05-18 13:45:22.762,compute2,19.773101806640625,59.5971794128418,1.0542526245117188
518,2026-05-18 13:45:37.762,compute2,19.85474395751953,59.60408401489258,1.05471932888031
519,2026-05-18 13:45:52.762,compute2,19.28569793701172,59.60793685913086,1.0555245876312256
520,2026-05-18 13:46:07.762,compute2,19.29179573059082,59.610572814941406,1.054469108581543
521,2026-05-18 13:46:22.762,compute2,19.63189125061035,59.6059684753418,1.0551685094833374
522,2026-05-18 13:46:37.762,compute2,19.855628967285156,59.61183547973633,1.0528736114501953
523,2026-05-18 13:46:52.762,compute2,19.26743507385254,59.60626983642578,1.0535008907318115
524,2026-05-18 13:47:07.762,compute2,19.101531982421875,59.58759307861328,1.056253433227539
525,2026-05-18 13:47:22.762,compute2,19.60069465637207,59.59172058105469,1.055133581161499
526,2026-05-18 13:47:37.762,compute2,19.8184814453125,59.595359802246094,1.0558339357376099
527,2026-05-18 13:47:52.762,compute2,19.131210327148438,59.596405029296875,1.0555590391159058
528,2026-05-18 13:48:07.762,compute2,18.99321174621582,59.598876953125,1.054965853691101
529,2026-05-18 13:48:22.762,compute2,19.55291748046875,59.60126495361328,1.0549360513687134
530,2026-05-18 13:48:37.762,compute2,19.838228225708008,59.60491180419922,1.0532512664794922
531,2026-05-18 13:48:52.762,compute2,19.176860809326172,59.60878372192383,1.0546948909759521
532,2026-05-18 13:49:07.762,compute2,19.019075393676758,59.60150146484375,1.053689956665039
533,2026-05-18 13:49:22.762,compute2,19.61231803894043,59.60265350341797,1.053652048110962
534,2026-05-18 13:49:37.762,compute2,19.873167037963867,59.60343933105469,1.0541623830795288
535,2026-05-18 13:49:52.762,compute2,19.134294509887695,59.604736328125,1.0550177097320557
536,2026-05-18 13:50:07.762,compute2,19.157085418701172,59.60514831542969,1.0538933277130127
537,2026-05-18 13:50:22.762,compute2,19.484039306640625,59.59906768798828,1.0548571348190308
538,2026-05-18 13:50:37.762,compute2,19.769601821899414,59.604801177978516,1.052442193031311
539,2026-05-18 13:50:52.762,compute2,19.23434066772461,59.59771728515625,1.0532699823379517
540,2026-05-18 13:51:07.762,compute2,19.087133407592773,59.56394577026367,1.0539485216140747
541,2026-05-18 13:51:22.762,compute2,19.55708122253418,59.56459426879883,1.052343726158142
542,2026-05-18 13:51:37.762,compute2,19.86849594116211,59.57064437866211,1.052986979484558
543,2026-05-18 13:51:52.762,compute2,19.588336944580078,59.57101821899414,1.0529191493988037
544,2026-05-18 13:52:07.762,compute2,19.10537338256836,59.57455062866211,1.0523197650909424
545,2026-05-18 13:52:22.762,compute2,19.525001525878906,59.57974624633789,1.0517736673355103
546,2026-05-18 13:52:37.762,compute2,20.071802139282227,59.5863037109375,1.0498089790344238
547,2026-05-18 13:52:52.762,compute2,19.484529495239258,59.59103775024414,1.05128812789917
548,2026-05-18 13:53:07.762,compute2,19.085037231445312,59.58856964111328,1.0499931573867798
549,2026-05-18 13:53:22.762,compute2,19.604707717895508,59.590423583984375,1.049859881401062
550,2026-05-18 13:53:37.762,compute2,19.963083267211914,59.60391616821289,1.0500833988189697
551,2026-05-18 13:53:52.762,compute2,19.52096176147461,59.61031723022461,1.0516427755355835
552,2026-05-18 13:54:07.762,compute2,19.144792556762695,59.61317443847656,1.051031231880188
553,2026-05-18 13:54:22.762,compute2,19.388385772705078,59.6097297668457,1.0504522323608398
554,2026-05-18 13:54:37.762,compute2,19.767845153808594,59.61171340942383,1.0487946271896362
555,2026-05-18 13:54:52.762,compute2,19.55540657043457,59.6072998046875,1.0482381582260132
556,2026-05-18 13:55:07.762,compute2,19.41005516052246,59.608516693115234,1.0523450374603271
557,2026-05-18 13:55:22.762,compute2,19.548198699951172,59.609580993652344,1.0519304275512695
558,2026-05-18 13:55:37.762,compute2,19.968055725097656,59.60661697387695,1.051775574684143
559,2026-05-18 13:55:52.762,compute2,19.87993812561035,59.59770202636719,1.0527470111846924
560,2026-05-18 13:56:07.762,compute2,19.356468200683594,59.59405517578125,1.0521517992019653
561,2026-05-18 13:56:22.762,compute2,19.486948013305664,59.59572982788086,1.0516358613967896
562,2026-05-18 13:56:37.762,compute2,20.017290115356445,59.60143280029297,1.0494166612625122
563,2026-05-18 13:56:52.762,compute2,19.668996810913086,59.602027893066406,1.050802230834961
564,2026-05-18 13:57:07.762,compute2,19.393428802490234,59.59951400756836,1.049967646598816
565,2026-05-18 13:57:22.762,compute2,19.47296142578125,59.597537994384766,1.0489004850387573
566,2026-05-18 13:57:37.762,compute2,19.80855941772461,59.609954833984375,1.0496457815170288
567,2026-05-18 13:57:52.762,compute2,19.72835350036621,59.61197280883789,1.0508590936660767
568,2026-05-18 13:58:07.762,compute2,19.308517456054688,59.6163444519043,1.0509066581726074
569,2026-05-18 13:58:22.762,compute2,19.30059814453125,59.616912841796875,1.0496397018432617
570,2026-05-18 13:58:37.762,compute2,19.67003631591797,59.62178039550781,1.0482898950576782
571,2026-05-18 13:58:52.762,compute2,19.66144561767578,59.61812973022461,1.0474073886871338
572,2026-05-18 13:59:07.762,compute2,18.85894012451172,59.63623046875,1.051692247390747
573,2026-05-18 13:59:22.762,compute2,18.90688705444336,59.62211608886719,1.052290678024292
574,2026-05-18 13:59:37.762,compute2,18.987266540527344,59.64089584350586,1.0516852140426636
575,2026-05-18 13:59:52.762,compute2,19.02423858642578,59.639381408691406,1.054073452949524
576,2026-05-18 14:00:07.762,compute2,18.936458587646484,59.61427688598633,1.0534025430679321
577,2026-05-18 14:00:22.762,compute2,66.32626342773438,68.75395202636719,1.0542216300964355
578,2026-05-18 14:00:37.762,compute2,66.65238189697266,68.937744140625,1.0511521100997925
579,2026-05-18 14:00:52.762,compute2,67.27783966064453,68.76006317138672,1.0528395175933838
580,2026-05-18 14:01:07.762,compute2,67.57723999023438,69.07189178466797,1.0524237155914307
581,2026-05-18 14:01:22.762,compute2,67.66368865966797,69.0584945678711,1.0505831241607666
582,2026-05-18 14:01:37.762,compute2,67.3193130493164,69.0954818725586,1.0520710945129395
583,2026-05-18 14:01:52.762,compute2,67.1058578491211,69.08540344238281,1.0519415140151978
584,2026-05-18 14:02:07.762,compute2,66.44202423095703,68.96012878417969,1.0528266429901123
585,2026-05-18 14:02:22.762,compute2,66.82787322998047,68.89945983886719,1.0517786741256714
586,2026-05-18 14:02:37.762,compute2,66.79658508300781,68.93162536621094,1.0503101348876953
587,2026-05-18 14:02:52.762,compute2,66.6378173828125,68.64315795898438,1.0492863655090332
588,2026-05-18 14:03:07.762,compute2,67.7614517211914,69.16529846191406,1.0547888278961182
589,2026-05-18 14:03:22.762,compute2,67.84771728515625,69.19503784179688,1.0544778108596802
590,2026-05-18 14:03:37.762,compute2,68.183349609375,69.302490234375,1.0529685020446777
591,2026-05-18 14:03:52.762,compute2,67.83861541748047,69.29068756103516,1.0564146041870117
592,2026-05-18 14:04:07.762,compute2,67.69581604003906,69.22493743896484,1.0549308061599731
593,2026-05-18 14:04:22.762,compute2,67.42472076416016,69.19061279296875,1.0551260709762573
594,2026-05-18 14:04:37.762,compute2,67.62152099609375,69.18086242675781,1.0532230138778687
595,2026-05-18 14:04:52.762,compute2,67.93750762939453,69.23626708984375,1.05375075340271
596,2026-05-18 14:05:07.762,compute2,68.09675598144531,69.25541687011719,1.0545467138290405
597,2026-05-18 14:05:22.762,compute2,67.9275131225586,69.28932189941406,1.0529319047927856
598,2026-05-18 14:05:37.762,compute2,67.99562072753906,69.22322082519531,1.053229570388794
599,2026-05-18 14:05:52.762,compute2,67.83061981201172,69.1095199584961,1.0532499551773071
600,2026-05-18 12:51:07.762,compute3,47.25627899169922,57.03073501586914,3.799345016479492
601,2026-05-18 12:51:22.762,compute3,49.11066436767578,57.0367431640625,3.799345016479492
602,2026-05-18 12:51:37.762,compute3,47.20510482788086,57.00421142578125,3.799345016479492
603,2026-05-18 12:51:52.762,compute3,47.80903625488281,56.954933166503906,3.799345016479492
604,2026-05-18 12:52:07.762,compute3,47.43843460083008,57.019561767578125,3.799345016479492
605,2026-05-18 12:52:22.762,compute3,49.06413269042969,57.00117874145508,3.799345016479492
606,2026-05-18 12:52:37.762,compute3,47.36880874633789,56.97958755493164,3.799345016479492
607,2026-05-18 12:52:52.762,compute3,48.09236526489258,56.96670913696289,3.799345016479492
608,2026-05-18 12:53:07.762,compute3,47.886619567871094,56.988338470458984,3.799345016479492
609,2026-05-18 12:53:22.762,compute3,49.10914611816406,56.97209167480469,3.799345016479492
610,2026-05-18 12:53:37.762,compute3,47.91056823730469,57.025150299072266,3.799345016479492
611,2026-05-18 12:53:52.762,compute3,48.16530227661133,57.03480911254883,3.799345016479492
612,2026-05-18 12:54:07.762,compute3,47.89220428466797,57.07642364501953,3.799345016479492
613,2026-05-18 12:54:22.762,compute3,49.29010772705078,57.0158805847168,3.799345016479492
614,2026-05-18 12:54:37.762,compute3,47.99945831298828,57.00867462158203,3.799345016479492
615,2026-05-18 12:54:52.762,compute3,48.403316497802734,56.945003509521484,3.799345016479492
616,2026-05-18 12:55:07.762,compute3,47.65535354614258,57.0214958190918,3.799345016479492
617,2026-05-18 12:55:22.762,compute3,48.90978240966797,57.0389404296875,3.799345016479492
618,2026-05-18 12:55:37.762,compute3,47.96623992919922,57.030487060546875,3.799345016479492
619,2026-05-18 12:55:52.762,compute3,48.00273895263672,56.9936637878418,3.799345016479492
620,2026-05-18 12:56:07.762,compute3,47.90538024902344,57.050785064697266,3.799345016479492
621,2026-05-18 12:56:22.762,compute3,48.69929504394531,57.024967193603516,3.799345016479492
622,2026-05-18 12:56:37.762,compute3,48.04768371582031,57.01386260986328,3.799345016479492
623,2026-05-18 12:56:52.762,compute3,48.242095947265625,57.00283432006836,3.799345016479492
624,2026-05-18 12:57:07.762,compute3,48.21007537841797,57.02362060546875,3.799345016479492
625,2026-05-18 12:57:22.762,compute3,48.68524169921875,57.00261688232422,3.799345016479492
626,2026-05-18 12:57:37.762,compute3,48.29234313964844,57.051239013671875,3.799345016479492
627,2026-05-18 12:57:52.762,compute3,48.23756408691406,57.062713623046875,3.799345016479492
628,2026-05-18 12:58:07.762,compute3,48.18097686767578,57.091636657714844,3.799345016479492
629,2026-05-18 12:58:22.762,compute3,49.082740783691406,57.04356384277344,3.799345016479492
630,2026-05-18 12:58:37.762,compute3,48.63426208496094,57.03666687011719,3.799345016479492
631,2026-05-18 12:58:52.762,compute3,48.56378936767578,56.97522735595703,3.799345016479492
632,2026-05-18 12:59:07.762,compute3,47.935821533203125,56.995819091796875,3.799345016479492
633,2026-05-18 12:59:22.762,compute3,48.51488494873047,57.01786422729492,3.799345016479492
634,2026-05-18 12:59:37.762,compute3,48.156578063964844,57.01451110839844,3.799345016479492
635,2026-05-18 12:59:52.762,compute3,48.06697463989258,56.98657989501953,3.799345016479492
636,2026-05-18 13:00:07.762,compute3,48.126914978027344,57.05019760131836,3.799345016479492
637,2026-05-18 13:00:22.762,compute3,48.339534759521484,56.99822235107422,3.799345016479492
638,2026-05-18 13:00:37.762,compute3,48.16791534423828,56.987815856933594,3.799345016479492
639,2026-05-18 13:00:52.762,compute3,48.211341857910156,56.97898483276367,3.799345016479492
640,2026-05-18 13:01:07.762,compute3,48.3565559387207,57.00210189819336,3.799345016479492
641,2026-05-18 13:01:22.762,compute3,48.51547622680664,56.996185302734375,3.799345016479492
642,2026-05-18 13:01:37.762,compute3,48.309288024902344,57.047603607177734,3.799345016479492
643,2026-05-18 13:01:52.762,compute3,48.159645080566406,57.06891632080078,3.799345016479492
644,2026-05-18 13:02:07.762,compute3,48.18346405029297,57.094242095947266,3.799345016479492
645,2026-05-18 13:02:22.762,compute3,48.63437271118164,57.0543212890625,3.799345016479492
646,2026-05-18 13:02:37.762,compute3,48.609493255615234,57.04131317138672,3.799345016479492
647,2026-05-18 13:02:52.762,compute3,48.413265228271484,56.988285064697266,3.799345016479492
648,2026-05-18 13:03:07.762,compute3,48.08304214477539,57.0103645324707,3.799345016479492
649,2026-05-18 13:03:22.762,compute3,48.39887237548828,57.05084228515625,3.799345016479492
650,2026-05-18 13:03:37.762,compute3,48.21269989013672,57.02029800415039,3.799345016479492
651,2026-05-18 13:03:52.762,compute3,48.10841369628906,57.02643585205078,3.799345016479492
652,2026-05-18 13:04:07.762,compute3,48.14765548706055,57.079017639160156,3.799345016479492
653,2026-05-18 13:04:22.762,compute3,48.24390411376953,57.03560256958008,3.799345016479492
654,2026-05-18 13:04:37.762,compute3,48.233951568603516,56.999568939208984,3.799345016479492
655,2026-05-18 13:04:52.762,compute3,48.251976013183594,57.000709533691406,3.799345016479492
656,2026-05-18 13:05:07.762,compute3,48.327354431152344,57.01246643066406,3.799345016479492
657,2026-05-18 13:05:22.762,compute3,48.36053466796875,57.05531311035156,3.799345016479492
658,2026-05-18 13:05:37.762,compute3,48.18138122558594,57.09111785888672,3.799345016479492
659,2026-05-18 13:05:52.762,compute3,48.06388854980469,57.124755859375,3.799345016479492
660,2026-05-18 13:06:07.762,compute3,48.01148986816406,57.158077239990234,3.799345016479492
661,2026-05-18 13:06:22.762,compute3,48.367820739746094,57.10269546508789,3.799345016479492
662,2026-05-18 13:06:37.762,compute3,48.54127502441406,57.123924255371094,3.799345016479492
663,2026-05-18 13:06:52.762,compute3,48.308162689208984,57.04046630859375,3.799345016479492
664,2026-05-18 13:07:07.762,compute3,47.8973388671875,56.97889709472656,3.799345016479492
665,2026-05-18 13:07:22.762,compute3,48.02354049682617,57.010833740234375,3.799345016479492
666,2026-05-18 13:07:37.762,compute3,48.08555221557617,56.97610855102539,3.799345016479492
667,2026-05-18 13:07:52.762,compute3,47.923274993896484,57.005271911621094,3.799345016479492
668,2026-05-18 13:08:07.762,compute3,48.024208068847656,57.04153060913086,3.799345016479492
669,2026-05-18 13:08:22.762,compute3,47.95481872558594,57.04092788696289,3.799345016479492
670,2026-05-18 13:08:37.762,compute3,48.10346603393555,56.97058868408203,3.799345016479492
671,2026-05-18 13:08:52.762,compute3,47.97124099731445,56.987083435058594,3.799345016479492
672,2026-05-18 13:09:07.762,compute3,48.02686309814453,56.97831344604492,3.799345016479492
673,2026-05-18 13:09:22.762,compute3,47.984619140625,57.03851318359375,3.799345016479492
674,2026-05-18 13:09:37.762,compute3,47.75833511352539,57.06122970581055,3.799345016479492
675,2026-05-18 13:09:52.762,compute3,47.59303283691406,57.120933532714844,3.799345016479492
676,2026-05-18 13:10:07.762,compute3,47.530921936035156,57.14952087402344,3.799345016479492
677,2026-05-18 13:10:22.762,compute3,47.959434509277344,57.09834289550781,3.799345016479492
678,2026-05-18 13:10:37.762,compute3,48.265899658203125,57.165252685546875,3.799345016479492
679,2026-05-18 13:10:52.762,compute3,47.90825653076172,57.04621124267578,3.799345016479492
680,2026-05-18 13:11:07.762,compute3,48.056419372558594,56.982757568359375,3.799345016479492
681,2026-05-18 13:11:22.762,compute3,47.99156188964844,56.94218826293945,3.799345016479492
682,2026-05-18 13:11:37.762,compute3,48.15998077392578,56.97362518310547,3.799345016479492
683,2026-05-18 13:11:52.762,compute3,47.97120666503906,56.93518829345703,3.799345016479492
684,2026-05-18 13:12:07.762,compute3,48.12590026855469,56.94987487792969,3.799345016479492
685,2026-05-18 13:12:22.762,compute3,47.93596649169922,57.02881622314453,3.799345016479492
686,2026-05-18 13:12:37.762,compute3,48.06732177734375,56.95597457885742,3.799345016479492
687,2026-05-18 13:12:52.762,compute3,47.947330474853516,56.97956848144531,3.799345016479492
688,2026-05-18 13:13:07.762,compute3,48.14971923828125,56.974708557128906,3.799345016479492
689,2026-05-18 13:13:22.762,compute3,47.98928451538086,57.00065612792969,3.799345016479492
690,2026-05-18 13:13:37.762,compute3,47.79567337036133,57.03676986694336,3.799345016479492
691,2026-05-18 13:13:52.762,compute3,47.67318344116211,57.080169677734375,3.799345016479492
692,2026-05-18 13:14:07.762,compute3,47.491058349609375,57.087223052978516,3.799345016479492
693,2026-05-18 13:14:22.762,compute3,47.81298065185547,57.025630950927734,3.799345016479492
694,2026-05-18 13:14:37.762,compute3,48.238853454589844,57.12809753417969,3.799345016479492
695,2026-05-18 13:14:52.762,compute3,47.90201950073242,56.9887580871582,3.799345016479492
696,2026-05-18 13:15:07.762,compute3,47.365318298339844,57.066810607910156,3.799345016479492
697,2026-05-18 13:15:22.762,compute3,47.266876220703125,56.98904037475586,3.799345016479492
698,2026-05-18 13:15:37.762,compute3,47.32283401489258,57.020843505859375,3.799345016479492
699,2026-05-18 13:15:52.762,compute3,47.14305877685547,56.94050598144531,3.799345016479492
700,2026-05-18 13:16:07.762,compute3,47.405067443847656,56.98858642578125,3.799345016479492
701,2026-05-18 13:16:22.762,compute3,47.22403335571289,57.02082824707031,3.799345016479492
702,2026-05-18 13:16:37.762,compute3,47.382930755615234,56.98112106323242,3.799345016479492
703,2026-05-18 13:16:52.762,compute3,47.158233642578125,57.02682113647461,3.799345016479492
704,2026-05-18 13:17:07.762,compute3,47.47368621826172,57.023834228515625,3.799345016479492
705,2026-05-18 13:17:22.762,compute3,47.260337829589844,57.02003860473633,3.799345016479492
706,2026-05-18 13:17:37.762,compute3,47.1922607421875,57.04465866088867,3.799345016479492
707,2026-05-18 13:17:52.762,compute3,47.134033203125,57.095481872558594,3.799345016479492
708,2026-05-18 13:18:07.762,compute3,47.083282470703125,57.15449142456055,3.799345016479492
709,2026-05-18 13:18:22.762,compute3,47.1059455871582,57.06562805175781,3.799345016479492
710,2026-05-18 13:18:37.762,compute3,47.63471984863281,57.13493728637695,3.799345016479492
711,2026-05-18 13:18:52.762,compute3,47.245880126953125,57.01741027832031,3.799345016479492
712,2026-05-18 13:19:07.762,compute3,46.48855972290039,57.0616340637207,3.799345016479492
713,2026-05-18 13:19:22.762,compute3,46.5589599609375,57.068328857421875,3.799345016479492
714,2026-05-18 13:19:37.762,compute3,46.62392807006836,57.032081604003906,3.799345016479492
715,2026-05-18 13:19:52.762,compute3,46.445518493652344,56.97693634033203,3.799345016479492
716,2026-05-18 13:20:07.762,compute3,46.65898895263672,56.95892333984375,3.799345016479492
717,2026-05-18 13:20:22.762,compute3,46.553436279296875,57.01247787475586,3.799345016479492
718,2026-05-18 13:20:37.762,compute3,46.60858154296875,56.97877502441406,3.799345016479492
719,2026-05-18 13:20:52.762,compute3,46.250244140625,57.02635192871094,3.799345016479492
720,2026-05-18 13:21:07.762,compute3,46.519798278808594,57.0200309753418,3.799345016479492
721,2026-05-18 13:21:22.762,compute3,46.42308044433594,56.97312545776367,3.799345016479492
722,2026-05-18 13:21:37.762,compute3,46.378074645996094,57.00970458984375,3.799345016479492
723,2026-05-18 13:21:52.762,compute3,46.23362731933594,57.03792953491211,3.799345016479492
724,2026-05-18 13:22:07.762,compute3,46.26124572753906,57.12605285644531,3.799345016479492
725,2026-05-18 13:22:22.762,compute3,46.19365692138672,57.079063415527344,3.799345016479492
726,2026-05-18 13:22:37.762,compute3,46.714752197265625,57.04315185546875,3.799345016479492
727,2026-05-18 13:22:52.762,compute3,46.25031280517578,57.01054763793945,3.799345016479492
728,2026-05-18 13:23:07.762,compute3,46.19839096069336,57.13833999633789,3.799345016479492
729,2026-05-18 13:23:22.762,compute3,46.05693054199219,57.09931182861328,3.799345016479492
730,2026-05-18 13:23:37.762,compute3,46.030433654785156,57.06906509399414,3.799345016479492
731,2026-05-18 13:23:52.762,compute3,45.85826873779297,57.06256866455078,3.799345016479492
732,2026-05-18 13:24:07.762,compute3,45.84217834472656,57.050048828125,3.799345016479492
733,2026-05-18 13:24:22.762,compute3,45.865875244140625,57.0845947265625,3.799345016479492
734,2026-05-18 13:24:37.762,compute3,45.93082046508789,57.05216979980469,3.799345016479492
735,2026-05-18 13:24:52.762,compute3,45.539466857910156,57.061038970947266,3.799345016479492
736,2026-05-18 13:25:07.762,compute3,45.720184326171875,57.06877517700195,3.799345016479492
737,2026-05-18 13:25:22.762,compute3,45.688880920410156,57.033538818359375,3.799345016479492
738,2026-05-18 13:25:37.762,compute3,45.76997375488281,57.039039611816406,3.799345016479492
739,2026-05-18 13:25:52.762,compute3,45.49797058105469,57.098236083984375,3.799345016479492
740,2026-05-18 13:26:07.762,compute3,45.42124938964844,57.17257308959961,3.799345016479492
741,2026-05-18 13:26:22.762,compute3,45.53589630126953,57.149478912353516,3.799345016479492
742,2026-05-18 13:26:37.762,compute3,46.09417724609375,57.036155700683594,3.799345016479492
743,2026-05-18 13:26:52.762,compute3,45.751548767089844,57.05485534667969,3.799345016479492
744,2026-05-18 13:27:07.762,compute3,45.20237731933594,57.174320220947266,3.799345016479492
745,2026-05-18 13:27:22.762,compute3,45.06829071044922,57.12810516357422,3.799345016479492
746,2026-05-18 13:27:37.762,compute3,44.95262908935547,57.109676361083984,3.799345016479492
747,2026-05-18 13:27:52.762,compute3,44.90304946899414,57.11530303955078,3.799345016479492
748,2026-05-18 13:28:07.762,compute3,44.92150115966797,57.13359069824219,3.799345016479492
749,2026-05-18 13:28:22.762,compute3,44.90253448486328,57.13321304321289,3.799345016479492
750,2026-05-18 13:28:37.762,compute3,45.035377502441406,57.108089447021484,3.799345016479492
751,2026-05-18 13:28:52.762,compute3,44.68567657470703,57.10125732421875,3.799345016479492
752,2026-05-18 13:29:07.762,compute3,44.90270233154297,57.13800811767578,3.799345016479492
753,2026-05-18 13:29:22.762,compute3,44.80582046508789,57.09649658203125,3.799345016479492
754,2026-05-18 13:29:37.762,compute3,44.83137512207031,57.13697052001953,3.799345016479492
755,2026-05-18 13:29:52.762,compute3,44.65507888793945,57.16142272949219,3.799345016479492
756,2026-05-18 13:30:07.762,compute3,44.52217102050781,57.234527587890625,3.799345016479492
757,2026-05-18 13:30:22.762,compute3,44.62171173095703,57.25817108154297,3.799345016479492
758,2026-05-18 13:30:37.762,compute3,45.200958251953125,57.09867858886719,3.799345016479492
759,2026-05-18 13:30:52.762,compute3,44.815765380859375,57.17356872558594,3.799345016479492
760,2026-05-18 13:31:07.762,compute3,44.72783279418945,57.225704193115234,3.799345016479492
761,2026-05-18 13:31:22.762,compute3,44.82626724243164,57.13928985595703,3.799345016479492
762,2026-05-18 13:31:37.762,compute3,44.86180114746094,57.147064208984375,3.799345016479492
763,2026-05-18 13:31:52.762,compute3,44.79423522949219,57.101280212402344,3.799345016479492
764,2026-05-18 13:32:07.762,compute3,44.67919921875,57.19221115112305,3.799345016479492
765,2026-05-18 13:32:22.762,compute3,44.77355194091797,57.129600524902344,3.799345016479492
766,2026-05-18 13:32:37.762,compute3,44.97259521484375,57.14261245727539,3.799345016479492
767,2026-05-18 13:32:52.762,compute3,44.561439514160156,57.077552795410156,3.799345016479492
768,2026-05-18 13:33:07.762,compute3,44.760066986083984,57.176483154296875,3.799345016479492
769,2026-05-18 13:33:22.762,compute3,44.689369201660156,57.127410888671875,3.799345016479492
770,2026-05-18 13:33:37.762,compute3,44.60080337524414,57.24901580810547,3.799345016479492
771,2026-05-18 13:33:52.762,compute3,44.46272277832031,57.17918395996094,3.799345016479492
772,2026-05-18 13:34:07.762,compute3,44.441139221191406,57.268985748291016,3.799345016479492
773,2026-05-18 13:34:22.762,compute3,44.54338836669922,57.35981369018555,3.799345016479492
774,2026-05-18 13:34:37.762,compute3,45.18108367919922,57.122745513916016,3.799345016479492
775,2026-05-18 13:34:52.762,compute3,44.78235626220703,57.25846862792969,3.799345016479492
776,2026-05-18 13:35:07.762,compute3,44.44464111328125,57.207916259765625,3.799345016479492
777,2026-05-18 13:35:22.762,compute3,44.40965270996094,57.124603271484375,3.799345016479492
778,2026-05-18 13:35:37.762,compute3,44.34056091308594,57.150047302246094,3.799345016479492
779,2026-05-18 13:35:52.762,compute3,44.54087829589844,57.00746536254883,3.799345016479492
780,2026-05-18 13:36:07.762,compute3,44.098411560058594,57.19989013671875,3.799345016479492
781,2026-05-18 13:36:22.762,compute3,44.3460693359375,57.095855712890625,3.799345016479492
782,2026-05-18 13:36:37.762,compute3,44.34010696411133,57.11036682128906,3.799345016479492
783,2026-05-18 13:36:52.762,compute3,44.03337860107422,57.042381286621094,3.799345016479492
784,2026-05-18 13:37:07.762,compute3,44.304386138916016,57.13850784301758,3.799345016479492
785,2026-05-18 13:37:22.762,compute3,44.196929931640625,57.077537536621094,3.799345016479492
786,2026-05-18 13:37:37.762,compute3,44.10118103027344,57.23111343383789,3.799345016479492
787,2026-05-18 13:37:52.762,compute3,44.07725524902344,57.145450592041016,3.799345016479492
788,2026-05-18 13:38:07.762,compute3,43.870399475097656,57.234195709228516,3.799345016479492
789,2026-05-18 13:38:22.762,compute3,44.28752517700195,57.27918243408203,3.799345016479492
790,2026-05-18 13:38:37.762,compute3,44.60980987548828,57.07374572753906,3.799345016479492
791,2026-05-18 13:38:52.762,compute3,44.35032272338867,57.18267822265625,3.799345016479492
792,2026-05-18 13:39:07.762,compute3,43.31311798095703,57.10357666015625,3.799345016479492
793,2026-05-18 13:39:22.762,compute3,43.394798278808594,57.05731201171875,3.799345016479492
794,2026-05-18 13:39:37.762,compute3,43.26397705078125,57.02250671386719,3.799345016479492
795,2026-05-18 13:39:52.762,compute3,43.729034423828125,56.96903610229492,3.799345016479492
796,2026-05-18 13:40:07.762,compute3,43.128604888916016,57.25068283081055,3.799345016479492
797,2026-05-18 13:40:22.762,compute3,43.42542266845703,57.1541633605957,3.799345016479492
798,2026-05-18 13:40:37.762,compute3,43.256935119628906,57.15104675292969,3.799345016479492
799,2026-05-18 13:40:52.762,compute3,42.89281463623047,57.097373962402344,3.799345016479492
800,2026-05-18 13:41:07.762,compute3,43.29039001464844,57.15388107299805,3.799345016479492
801,2026-05-18 13:41:22.762,compute3,43.123268127441406,57.09497833251953,3.799345016479492
802,2026-05-18 13:41:37.762,compute3,42.96955871582031,57.15231704711914,3.799345016479492
803,2026-05-18 13:41:52.762,compute3,43.0591926574707,57.0620002746582,3.799345016479492
804,2026-05-18 13:42:07.762,compute3,42.810638427734375,57.20947265625,3.799345016479492
805,2026-05-18 13:42:22.762,compute3,43.46361541748047,57.135623931884766,3.799345016479492
806,2026-05-18 13:42:37.762,compute3,43.663841247558594,56.98609161376953,3.799345016479492
807,2026-05-18 13:42:52.762,compute3,43.3495979309082,57.15382385253906,3.799345016479492
808,2026-05-18 13:43:07.762,compute3,43.06013107299805,57.043418884277344,3.799345016479492
809,2026-05-18 13:43:22.762,compute3,43.224708557128906,57.036537170410156,3.799345016479492
810,2026-05-18 13:43:37.762,compute3,43.16649627685547,56.95244598388672,3.799345016479492
811,2026-05-18 13:43:52.762,compute3,43.6334114074707,56.945892333984375,3.799345016479492
812,2026-05-18 13:44:07.762,compute3,42.99114990234375,57.31047058105469,3.799345016479492
813,2026-05-18 13:44:22.762,compute3,43.24773025512695,57.18595886230469,3.799345016479492
814,2026-05-18 13:44:37.762,compute3,43.06993103027344,57.21601867675781,3.799345016479492
815,2026-05-18 13:44:52.762,compute3,42.76893615722656,57.14646911621094,3.799345016479492
816,2026-05-18 13:45:07.762,compute3,43.01481246948242,57.29487228393555,3.799345016479492
817,2026-05-18 13:45:22.762,compute3,42.89446258544922,57.12091827392578,3.799345016479492
818,2026-05-18 13:45:37.762,compute3,42.71925354003906,57.155094146728516,3.799345016479492
819,2026-05-18 13:45:52.762,compute3,42.85734558105469,57.06974792480469,3.799345016479492
820,2026-05-18 13:46:07.762,compute3,42.624847412109375,57.230289459228516,3.799345016479492
821,2026-05-18 13:46:22.762,compute3,43.342994689941406,57.080318450927734,3.799345016479492
822,2026-05-18 13:46:37.762,compute3,43.45436096191406,56.99940490722656,3.799345016479492
823,2026-05-18 13:46:52.762,compute3,43.176353454589844,57.284244537353516,3.799345016479492
824,2026-05-18 13:47:07.762,compute3,43.49956512451172,57.04670715332031,3.799345016479492
825,2026-05-18 13:47:22.762,compute3,43.52403259277344,56.960472106933594,3.799345016479492
826,2026-05-18 13:47:37.762,compute3,43.372344970703125,56.866172790527344,3.799345016479492
827,2026-05-18 13:47:52.762,compute3,43.98963165283203,56.867618560791016,3.799345016479492
828,2026-05-18 13:48:07.762,compute3,43.2900390625,57.24858093261719,3.799345016479492
829,2026-05-18 13:48:22.762,compute3,43.484867095947266,57.13153839111328,3.799345016479492
830,2026-05-18 13:48:37.762,compute3,43.34355926513672,57.16829299926758,3.799345016479492
831,2026-05-18 13:48:52.762,compute3,43.021156311035156,57.05022430419922,3.799345016479492
832,2026-05-18 13:49:07.762,compute3,43.474334716796875,57.276939392089844,3.799345016479492
833,2026-05-18 13:49:22.762,compute3,43.159912109375,57.08680725097656,3.799345016479492
834,2026-05-18 13:49:37.762,compute3,43.064849853515625,57.150428771972656,3.799345016479492
835,2026-05-18 13:49:52.762,compute3,43.165870666503906,57.091548919677734,3.799345016479492
836,2026-05-18 13:50:07.762,compute3,42.8304443359375,57.173919677734375,3.799345016479492
837,2026-05-18 13:50:22.762,compute3,43.568153381347656,56.9951286315918,3.799345016479492
838,2026-05-18 13:50:37.762,compute3,43.72285461425781,57.02423095703125,3.799345016479492
839,2026-05-18 13:50:52.762,compute3,43.3790168762207,57.284889221191406,3.799345016479492
840,2026-05-18 13:51:07.762,compute3,43.198665618896484,57.08876037597656,3.799345016479492
841,2026-05-18 13:51:22.762,compute3,43.121803283691406,57.00957489013672,3.799345016479492
842,2026-05-18 13:51:37.762,compute3,42.88362503051758,56.92597198486328,3.799345016479492
843,2026-05-18 13:51:52.762,compute3,43.370113372802734,56.927146911621094,3.799345016479492
844,2026-05-18 13:52:07.762,compute3,42.7344856262207,57.28468322753906,3.799345016479492
845,2026-05-18 13:52:22.762,compute3,43.046295166015625,57.175071716308594,3.799345016479492
846,2026-05-18 13:52:37.762,compute3,42.91852569580078,57.21922302246094,3.799345016479492
847,2026-05-18 13:52:52.762,compute3,42.63652038574219,57.076698303222656,3.799345016479492
848,2026-05-18 13:53:07.762,compute3,43.22107696533203,57.3145751953125,3.799345016479492
849,2026-05-18 13:53:22.762,compute3,42.94580078125,57.1456184387207,3.799345016479492
850,2026-05-18 13:53:37.762,compute3,42.83103942871094,57.21400451660156,3.799345016479492
851,2026-05-18 13:53:52.762,compute3,42.879730224609375,57.147193908691406,3.799345016479492
852,2026-05-18 13:54:07.762,compute3,42.595619201660156,57.21989440917969,3.799345016479492
853,2026-05-18 13:54:22.762,compute3,43.245391845703125,57.065162658691406,3.799345016479492
854,2026-05-18 13:54:37.762,compute3,43.437110900878906,57.15495300292969,3.799345016479492
855,2026-05-18 13:54:52.762,compute3,43.1446647644043,57.39044189453125,3.799345016479492
856,2026-05-18 13:55:07.762,compute3,42.39897918701172,57.705989837646484,3.799345016479492
857,2026-05-18 13:55:22.762,compute3,42.36332702636719,57.61660385131836,3.799345016479492
858,2026-05-18 13:55:37.762,compute3,42.28372573852539,57.62274169921875,3.799345016479492
859,2026-05-18 13:55:52.762,compute3,42.69865417480469,57.57582092285156,3.799345016479492
860,2026-05-18 13:56:07.762,compute3,42.14408874511719,57.54045486450195,3.799345016479492
861,2026-05-18 13:56:22.762,compute3,42.32524871826172,57.66600799560547,3.799345016479492
862,2026-05-18 13:56:37.762,compute3,42.195045471191406,57.4210319519043,3.799345016479492
863,2026-05-18 13:56:52.762,compute3,41.948760986328125,57.581878662109375,3.799345016479492
864,2026-05-18 13:57:07.762,compute3,42.47853469848633,57.75263214111328,3.799345016479492
865,2026-05-18 13:57:22.762,compute3,42.143585205078125,57.80976486206055,3.799345016479492
866,2026-05-18 13:57:37.762,compute3,42.197784423828125,57.72703552246094,3.799345016479492
867,2026-05-18 13:57:52.762,compute3,42.1317138671875,57.785186767578125,3.799345016479492
868,2026-05-18 13:58:07.762,compute3,42.020835876464844,57.649925231933594,3.799345016479492
869,2026-05-18 13:58:22.762,compute3,42.58198165893555,57.45856475830078,3.799345016479492
870,2026-05-18 13:58:37.762,compute3,42.7346076965332,57.96966552734375,3.799345016479492
871,2026-05-18 13:58:52.762,compute3,42.320343017578125,58.14324188232422,3.799345016479492
872,2026-05-18 13:59:07.762,compute3,41.899658203125,58.468570709228516,3.799345016479492
873,2026-05-18 13:59:22.762,compute3,41.7287712097168,58.41263198852539,3.799345016479492
874,2026-05-18 13:59:37.762,compute3,41.568634033203125,58.37511444091797,3.799345016479492
875,2026-05-18 13:59:52.762,compute3,42.058712005615234,58.377708435058594,3.799345016479492
876,2026-05-18 14:00:07.762,compute3,41.4665641784668,58.5831413269043,3.799345016479492
877,2026-05-18 14:00:22.762,compute3,41.580482482910156,58.645477294921875,3.799345016479492
878,2026-05-18 14:00:37.762,compute3,41.448219299316406,58.46485137939453,3.799345016479492
879,2026-05-18 14:00:52.762,compute3,41.108741760253906,58.5555534362793,3.799345016479492
880,2026-05-18 14:01:07.762,compute3,41.581947326660156,58.76326370239258,3.799345016479492
881,2026-05-18 14:01:22.762,compute3,41.29380416870117,59.05347442626953,3.799345016479492
882,2026-05-18 14:01:37.762,compute3,41.2655029296875,59.15720748901367,3.799345016479492
883,2026-05-18 14:01:52.762,compute3,41.071266174316406,58.7921028137207,3.799345016479492
884,2026-05-18 14:02:07.762,compute3,40.902896881103516,58.78742980957031,3.799345016479492
885,2026-05-18 14:02:22.762,compute3,41.49322509765625,58.832489013671875,3.799345016479492
886,2026-05-18 14:02:37.762,compute3,41.62523651123047,59.15150833129883,3.799345016479492
887,2026-05-18 14:02:52.762,compute3,41.17866516113281,59.40860366821289,3.799345016479492
888,2026-05-18 14:03:07.762,compute3,41.83140563964844,57.2917366027832,3.799345016479492
889,2026-05-18 14:03:22.762,compute3,41.66043472290039,57.24945068359375,3.799345016479492
890,2026-05-18 14:03:37.762,compute3,41.35953903198242,57.140411376953125,3.799345016479492
891,2026-05-18 14:03:52.762,compute3,41.71685791015625,57.09341049194336,3.799345016479492
892,2026-05-18 14:04:07.762,compute3,41.26803207397461,57.1143798828125,3.799345016479492
893,2026-05-18 14:04:22.762,compute3,41.534278869628906,57.118919372558594,3.799345016479492
894,2026-05-18 14:04:37.762,compute3,41.37825012207031,57.176918029785156,3.799345016479492
895,2026-05-18 14:04:52.762,compute3,41.183616638183594,56.918941497802734,3.799345016479492
896,2026-05-18 14:05:07.762,compute3,41.68149185180664,57.31052780151367,3.799345016479492
897,2026-05-18 14:05:22.762,compute3,41.41017532348633,57.22808074951172,3.799345016479492
898,2026-05-18 14:05:37.762,compute3,41.29111862182617,57.35258483886719,3.799345016479492
899,2026-05-18 14:05:52.762,compute3,41.2715950012207,57.22589111328125,3.799345016479492
