item_id,timestamp,target,running_vm
CPU,22/03/2026 07:33:15,85.55125467,2
CPU,22/03/2026 07:33:30,53.34867076,2
CPU,22/03/2026 07:33:45,81.46666667,2
CPU,22/03/2026 07:34:00,64.43096206,2
CPU,22/03/2026 07:34:15,30.36666667,2
CPU,22/03/2026 07:34:30,26.5,2
CPU,22/03/2026 07:34:45,30.96666667,2
CPU,22/03/2026 07:35:00,25.704953,2
CPU,22/03/2026 07:35:15,38.46256417,2
CPU,22/03/2026 07:35:30,26.43333333,2
CPU,22/03/2026 07:35:45,29.13805746,2
CPU,22/03/2026 07:36:00,24.23838411,2
CPU,22/03/2026 07:36:15,36.9582611,2
CPU,22/03/2026 07:36:30,26.58624367,2
CPU,22/03/2026 07:36:45,27.98559712,2
CPU,22/03/2026 07:37:00,24.92832856,2
CPU,22/03/2026 07:37:15,36.3,2
CPU,22/03/2026 07:37:30,28.23333333,2
CPU,22/03/2026 07:37:45,30.33797747,2
CPU,22/03/2026 07:38:00,21.79478632,2
CPU,22/03/2026 07:38:15,36.33757749,2
CPU,22/03/2026 07:38:30,27.93333333,2
CPU,22/03/2026 07:38:45,28.92859524,2
CPU,22/03/2026 07:39:00,26.3,2
CPU,22/03/2026 07:39:15,37.03333333,2
CPU,22/03/2026 07:39:30,28.1,2
CPU,22/03/2026 07:39:45,28.73333333,2
CPU,22/03/2026 07:40:00,26.30982536,2
CPU,22/03/2026 07:40:15,37.65835445,2
CPU,22/03/2026 07:40:30,26.26666667,2
CPU,22/03/2026 07:40:45,29.00473302,2
CPU,22/03/2026 07:41:00,25.46169745,2
CPU,22/03/2026 07:41:15,35.86666667,2
CPU,22/03/2026 07:41:30,25.74323424,2
CPU,22/03/2026 07:41:45,29.7239632,2
CPU,22/03/2026 07:42:00,26.33333333,2
CPU,22/03/2026 07:42:15,35.73333333,2
CPU,22/03/2026 07:42:30,26.93333333,2
CPU,22/03/2026 07:42:45,29.97133524,2
CPU,22/03/2026 07:43:00,24.6,2
CPU,22/03/2026 07:43:15,33.42889526,2
CPU,22/03/2026 07:43:30,25.36666667,2
CPU,22/03/2026 07:43:45,30.34262098,2
CPU,22/03/2026 07:44:00,25.33333333,2
CPU,22/03/2026 07:44:15,33.73775082,2
CPU,22/03/2026 07:44:30,25.79010535,2
CPU,22/03/2026 07:44:45,28.24783478,2
CPU,22/03/2026 07:45:00,25.51204216,2
CPU,22/03/2026 07:45:15,34.03773082,2
CPU,22/03/2026 07:45:30,29.62864191,2
CPU,22/03/2026 07:45:45,30.50463302,2
CPU,22/03/2026 07:46:00,25.99506634,2
CPU,22/03/2026 07:46:15,29.13333333,2
CPU,22/03/2026 07:46:30,29.03806413,2
CPU,22/03/2026 07:46:45,26.6,2
CPU,22/03/2026 07:47:00,23.06153744,2
CPU,22/03/2026 07:47:15,27.07152856,2
CPU,22/03/2026 07:47:30,29.66666667,2
CPU,22/03/2026 07:47:45,26.82845523,2
CPU,22/03/2026 07:48:00,23.6435142,2
CPU,22/03/2026 07:48:15,26.42352314,2
CPU,22/03/2026 07:48:30,35.3,2
CPU,22/03/2026 07:48:45,30.20465302,2
CPU,22/03/2026 07:49:00,26.06173745,2
CPU,22/03/2026 07:49:15,16.5055663,2
CPU,22/03/2026 07:49:30,19.8,2
CPU,22/03/2026 07:49:45,16.3944263,2
CPU,22/03/2026 07:50:00,14.53903073,2
CPU,22/03/2026 07:50:15,16.46666667,2
CPU,22/03/2026 07:50:30,18.33333333,2
CPU,22/03/2026 07:50:45,16.46109741,2
CPU,22/03/2026 07:51:00,13.13333333,2
CPU,22/03/2026 07:51:15,16.73888407,2
CPU,22/03/2026 07:51:30,18.66124408,2
CPU,22/03/2026 07:51:45,14.93900407,2
CPU,22/03/2026 07:52:00,14.22761517,2
CPU,22/03/2026 07:52:15,17.1,2
CPU,22/03/2026 07:52:30,16.93887074,2
CPU,22/03/2026 07:52:45,15.40563962,2
CPU,22/03/2026 07:53:00,14.3609574,2
CPU,22/03/2026 07:53:15,16.52776852,2
CPU,22/03/2026 07:53:30,16.96666667,2
CPU,22/03/2026 07:53:45,16.13333333,2
CPU,22/03/2026 07:54:00,15.73895074,2
CPU,22/03/2026 07:54:15,15.36102407,2
CPU,22/03/2026 07:54:30,16.37224185,2
CPU,22/03/2026 07:54:45,17.39449297,2
CPU,22/03/2026 07:55:00,14.7,2
CPU,22/03/2026 07:55:15,15.1,2
CPU,22/03/2026 07:55:30,16.93333333,2
CPU,22/03/2026 07:55:45,17.60549297,2
CPU,22/03/2026 07:56:00,14.59430629,2
CPU,22/03/2026 07:56:15,15.70561963,2
CPU,22/03/2026 07:56:30,16.16107741,2
CPU,22/03/2026 07:56:45,17.4,2
CPU,22/03/2026 07:57:00,13.3,2
CPU,22/03/2026 07:57:15,16.07226185,2
CPU,22/03/2026 07:57:30,17.7,2
CPU,22/03/2026 07:57:45,16.62777519,2
CPU,22/03/2026 07:58:00,13.87240851,2
CPU,22/03/2026 07:58:15,14.22761517,2
CPU,22/03/2026 07:58:30,18.4,2
CPU,22/03/2026 07:58:45,18.23333333,2
CPU,22/03/2026 07:59:00,14.61871462,2
CPU,22/03/2026 07:59:15,16.51651652,2
CPU,22/03/2026 07:59:30,18.57209519,2
CPU,22/03/2026 07:59:45,24.26161744,2
CPU,22/03/2026 08:00:00,16.93333333,2
CPU,22/03/2026 08:00:15,19.86666667,2
CPU,22/03/2026 08:00:30,20.36666667,2
CPU,22/03/2026 08:00:45,24.87167522,2
CPU,22/03/2026 08:01:00,15.99439963,2
CPU,22/03/2026 08:01:15,21.9,2
CPU,22/03/2026 08:01:30,17.13885741,2
CPU,22/03/2026 08:01:45,24.66164411,2
CPU,22/03/2026 08:02:00,18.43877075,2
CPU,22/03/2026 08:02:15,17.2944863,2
CPU,22/03/2026 08:02:30,14.97233518,2
CPU,22/03/2026 08:02:45,21.52810187,2
CPU,22/03/2026 08:03:00,14.13333333,2
CPU,22/03/2026 08:03:15,18.76666667,2
CPU,22/03/2026 08:03:30,15.14464738,2
CPU,22/03/2026 08:03:45,27.06666667,2
CPU,22/03/2026 08:04:00,18.22788186,2
CPU,22/03/2026 08:04:15,27.69517968,2
CPU,22/03/2026 08:04:30,18.66666667,2
CPU,22/03/2026 08:04:45,25.3,2
CPU,22/03/2026 08:05:00,17.13333333,2
CPU,22/03/2026 08:05:15,20.4,2
CPU,22/03/2026 08:05:30,20.46666667,2
CPU,22/03/2026 08:05:45,26.73333333,2
CPU,22/03/2026 08:06:00,18.87207519,2
CPU,22/03/2026 08:06:15,25.62837523,2
CPU,22/03/2026 08:06:30,17.96666667,2
CPU,22/03/2026 08:06:45,26.27158189,2
CPU,22/03/2026 08:07:00,26.46176412,2
CPU,22/03/2026 08:07:15,20.91054526,2
CPU,22/03/2026 08:07:30,16.28883851,2
CPU,22/03/2026 08:07:45,19.23871742,2
CPU,22/03/2026 08:08:00,15.42769518,2
CPU,22/03/2026 08:08:15,18.63333333,2
CPU,22/03/2026 08:08:30,14.60569295,2
CPU,22/03/2026 08:08:45,20.9,2
CPU,22/03/2026 08:09:00,16.42776185,2
CPU,22/03/2026 08:09:15,16.43890407,2
CPU,22/03/2026 08:09:30,16.92779519,2
CPU,22/03/2026 08:09:45,18.63333333,2
CPU,22/03/2026 08:10:00,16.53333333,2
CPU,22/03/2026 08:10:15,17.2,2
CPU,22/03/2026 08:10:30,15.10565962,2
CPU,22/03/2026 08:10:45,18.7,2
CPU,22/03/2026 08:11:00,19.06666667,2
CPU,22/03/2026 08:11:15,16.12774185,2
CPU,22/03/2026 08:11:30,14.07239517,2
CPU,22/03/2026 08:11:45,18.59457297,2
CPU,22/03/2026 08:12:00,16.70555296,2
CPU,22/03/2026 08:12:15,15.22768185,2
CPU,22/03/2026 08:12:30,14.70568629,2
CPU,22/03/2026 08:12:45,19.59463964,2
CPU,22/03/2026 08:13:00,15.9389374,2
CPU,22/03/2026 08:13:15,18.2,2
CPU,22/03/2026 08:13:30,15.8610574,2
CPU,22/03/2026 08:13:45,18.83333333,2
CPU,22/03/2026 08:14:00,17.23333333,2
CPU,22/03/2026 08:14:15,15.86666667,2
CPU,22/03/2026 08:14:30,15.27231518,2
CPU,22/03/2026 08:14:45,19.76131742,2
CPU,22/03/2026 08:15:00,18.67208853,2
CPU,22/03/2026 08:15:15,15.3,2
CPU,22/03/2026 08:15:30,14.43333333,2
CPU,22/03/2026 08:15:45,16.23333333,2
CPU,22/03/2026 08:16:00,18.8,2
CPU,22/03/2026 08:16:15,15.29435296,2
CPU,22/03/2026 08:16:30,15,2
CPU,22/03/2026 08:16:45,16.83333333,2
CPU,22/03/2026 08:17:00,26.43333333,2
CPU,22/03/2026 08:17:15,15.36666667,2
CPU,22/03/2026 08:17:30,16.10559296,2
CPU,22/03/2026 08:17:45,15.76105074,2
CPU,22/03/2026 08:18:00,18.9,2
CPU,22/03/2026 08:18:15,15.14464738,2
CPU,22/03/2026 08:18:30,22.33333333,2
CPU,22/03/2026 08:18:45,16.58887852,2
CPU,22/03/2026 08:19:00,23.4,2
CPU,22/03/2026 08:19:15,16.76666667,2
CPU,22/03/2026 08:19:30,16.73333333,2
CPU,22/03/2026 08:19:45,15.1,2
CPU,22/03/2026 08:20:00,19.11078523,2
CPU,22/03/2026 08:20:15,22.08961195,2
CPU,22/03/2026 08:20:30,17.97213519,2
CPU,22/03/2026 08:20:45,18.83333333,2
CPU,22/03/2026 08:21:00,20.72804854,2
CPU,22/03/2026 08:21:15,14.96666667,2
CPU,22/03/2026 08:21:30,16.76666667,2
CPU,22/03/2026 08:21:45,20.56666667,2
CPU,22/03/2026 08:22:00,24.63835744,2
CPU,22/03/2026 08:22:15,16.6,2
CPU,22/03/2026 08:22:30,16.96666667,2
CPU,22/03/2026 08:22:45,14.62764184,2
CPU,22/03/2026 08:23:00,22.4385041,2
CPU,22/03/2026 08:23:15,16.9944663,2
CPU,22/03/2026 08:23:30,17.47216852,2
CPU,22/03/2026 08:23:45,15.19434629,2
CPU,22/03/2026 08:24:00,19.30537964,2
CPU,22/03/2026 08:24:15,15.13333333,2
CPU,22/03/2026 08:24:30,16.26108407,2
CPU,22/03/2026 08:24:45,13.5,2
CPU,22/03/2026 08:25:00,19.00539964,2
CPU,22/03/2026 08:25:15,16.66111074,2
CPU,22/03/2026 08:25:30,17.26666667,2
CPU,22/03/2026 08:25:45,14.60569295,2
CPU,22/03/2026 08:26:00,20.69471298,2
CPU,22/03/2026 08:26:15,16.53333333,2
CPU,22/03/2026 08:26:30,18.23333333,2
CPU,22/03/2026 08:26:45,18.90540631,2
CPU,22/03/2026 08:27:00,29.00473302,2
CPU,22/03/2026 08:27:15,19.22794853,2
CPU,22/03/2026 08:27:30,22.52816854,2
CPU,22/03/2026 08:27:45,21.57189521,2
CPU,22/03/2026 08:28:00,25.43333333,2
CPU,22/03/2026 08:28:15,18.26666667,2
CPU,22/03/2026 08:28:30,19.7,2
CPU,22/03/2026 08:28:45,14.49429962,2
CPU,22/03/2026 08:29:00,23.3,2
CPU,22/03/2026 08:29:15,16.5055663,2
CPU,22/03/2026 08:29:30,17.73333333,2
CPU,22/03/2026 08:29:45,15.92772852,2
CPU,22/03/2026 08:30:00,24.47170189,2
CPU,22/03/2026 08:30:15,21.33333333,2
CPU,22/03/2026 08:30:30,20.19467965,2
CPU,22/03/2026 08:30:45,15.0389974,2
CPU,22/03/2026 08:31:00,24.72831522,2
CPU,22/03/2026 08:31:15,17.93333333,2
CPU,22/03/2026 08:31:30,20.04399413,2
CPU,22/03/2026 08:31:45,14.18855847,2
CPU,22/03/2026 08:32:00,25.13333333,2
CPU,22/03/2026 08:32:15,15.3,2
CPU,22/03/2026 08:32:30,17.3,2
CPU,22/03/2026 08:32:45,15.53896407,2
CPU,22/03/2026 08:33:00,32.1,2
CPU,22/03/2026 08:33:15,16.76666667,2
CPU,22/03/2026 08:33:30,18.52790186,2
CPU,22/03/2026 08:33:45,16.96666667,2
CPU,22/03/2026 08:34:00,18.3,2
CPU,22/03/2026 08:34:15,18.4,2
CPU,22/03/2026 08:34:30,16.63333333,2
CPU,22/03/2026 08:34:45,14.7390174,2
CPU,22/03/2026 08:35:00,17.66117741,2
CPU,22/03/2026 08:35:15,17.3,2
CPU,22/03/2026 08:35:30,16.1,2
CPU,22/03/2026 08:35:45,12.83333333,2
CPU,22/03/2026 08:36:00,14.76666667,2
CPU,22/03/2026 08:36:15,20.23333333,2
CPU,22/03/2026 08:36:30,17.60549297,2
CPU,22/03/2026 08:36:45,15.13333333,2
CPU,22/03/2026 08:37:00,16.22774852,2
CPU,22/03/2026 08:37:15,17.67215519,2
CPU,22/03/2026 08:37:30,16.56110407,2
CPU,22/03/2026 08:37:45,12.16666667,2
CPU,22/03/2026 08:38:00,15.9389374,2
CPU,22/03/2026 08:38:15,24.26161744,2
CPU,22/03/2026 08:38:30,15.87227518,2
CPU,22/03/2026 08:38:45,15.29435296,2
CPU,22/03/2026 08:39:00,16.1,2
CPU,22/03/2026 08:39:15,18.73875075,2
CPU,22/03/2026 08:39:30,15.89439296,2
CPU,22/03/2026 08:39:45,14.23333333,2
CPU,22/03/2026 08:40:00,18.80541297,2
CPU,22/03/2026 08:40:15,20.09467298,2
CPU,22/03/2026 08:40:30,16.06666667,2
CPU,22/03/2026 08:40:45,14.3,2
CPU,22/03/2026 08:41:00,16.30557963,2
CPU,22/03/2026 08:41:15,18.96666667,2
CPU,22/03/2026 08:41:30,15,2
CPU,22/03/2026 08:41:45,11.99413294,2
CPU,22/03/2026 08:42:00,17.53333333,2
CPU,22/03/2026 08:42:15,20.4,2
CPU,22/03/2026 08:42:30,17.53883074,2
CPU,22/03/2026 08:42:45,14.7,2
CPU,22/03/2026 08:43:00,17.96119741,2
CPU,22/03/2026 08:43:15,19.53869742,2
CPU,22/03/2026 08:43:30,15.9,2
CPU,22/03/2026 08:43:45,12.82752183,2
CPU,22/03/2026 08:44:00,17.73333333,2
CPU,22/03/2026 08:44:15,18.93873742,2
CPU,22/03/2026 08:44:30,15.96666667,2
CPU,22/03/2026 08:44:45,14.76666667,2
CPU,22/03/2026 08:45:00,19.89465964,2
CPU,22/03/2026 08:45:15,17.53883074,2
CPU,22/03/2026 08:45:30,19.42796186,2
CPU,22/03/2026 08:45:45,15.30564629,2
CPU,22/03/2026 08:46:00,17,2
CPU,22/03/2026 08:46:15,14.79431962,2
CPU,22/03/2026 08:46:30,21.57189521,2
CPU,22/03/2026 08:46:45,15.69437963,2
CPU,22/03/2026 08:47:00,18.17212186,2
CPU,22/03/2026 08:47:15,14.99433296,2
CPU,22/03/2026 08:47:30,21.50523298,2
CPU,22/03/2026 08:47:45,14.66666667,2
CPU,22/03/2026 08:48:00,13.86666667,2
CPU,22/03/2026 08:48:15,13.76666667,2
CPU,22/03/2026 08:48:30,24.96666667,2
CPU,22/03/2026 08:48:45,16.73333333,2
CPU,22/03/2026 08:49:00,19.09460631,2
CPU,22/03/2026 08:49:15,15.33333333,2
CPU,22/03/2026 08:49:30,24.5,2
CPU,22/03/2026 08:49:45,14.93900407,2
CPU,22/03/2026 08:50:00,15.23333333,2
CPU,22/03/2026 08:50:15,13.16087739,2
CPU,22/03/2026 08:50:30,20.9,2
CPU,22/03/2026 08:50:45,15.7,2
CPU,22/03/2026 08:51:00,14.33904406,2
CPU,22/03/2026 08:51:15,13.02753517,2
CPU,22/03/2026 08:51:30,24.03839744,2
CPU,22/03/2026 08:51:45,15.5610374,2
CPU,22/03/2026 08:52:00,16.36666667,2
CPU,22/03/2026 08:52:15,14.77234851,2
CPU,22/03/2026 08:52:30,19.6279752,2
CPU,22/03/2026 08:52:45,15.03333333,2
CPU,22/03/2026 08:53:00,15.76666667,2
CPU,22/03/2026 08:53:15,14.03333333,2
CPU,22/03/2026 08:53:30,21.03859743,2
CPU,22/03/2026 08:53:45,15.29435296,2
CPU,22/03/2026 08:54:00,15.30564629,2
CPU,22/03/2026 08:54:15,15.36102407,2
CPU,22/03/2026 08:54:30,23.33333333,2
CPU,22/03/2026 08:54:45,18.53333333,2
CPU,22/03/2026 08:55:00,15.67228851,2
CPU,22/03/2026 08:55:15,14.26095073,2
CPU,22/03/2026 08:55:30,21.03859743,2
CPU,22/03/2026 08:55:45,13.70575295,2
CPU,22/03/2026 08:56:00,14.86099073,2
CPU,22/03/2026 08:56:15,21.2,2
CPU,22/03/2026 08:56:30,39.16261084,2
CPU,22/03/2026 08:56:45,23.9,2
CPU,22/03/2026 08:57:00,24.2,2
CPU,22/03/2026 08:57:15,21.83333333,2
CPU,22/03/2026 08:57:30,30.4379708,2
CPU,22/03/2026 08:57:45,21.02806854,2
CPU,22/03/2026 08:58:00,24.73835078,2
CPU,22/03/2026 08:58:15,21.12807521,2
CPU,22/03/2026 08:58:30,38.26666667,2
CPU,22/03/2026 08:58:45,21.10525965,2
CPU,22/03/2026 08:59:00,27.29515301,2
CPU,22/03/2026 08:59:15,28.2,2
CPU,22/03/2026 08:59:30,30.77128191,2
CPU,22/03/2026 08:59:45,26.10985202,2
CPU,22/03/2026 09:00:00,23.0384641,2
CPU,22/03/2026 09:00:15,16.04427847,2
CPU,22/03/2026 09:00:30,22.86666667,2
CPU,22/03/2026 09:00:45,14.83333333,2
CPU,22/03/2026 09:01:00,17.13885741,2
CPU,22/03/2026 09:01:15,15.80561296,2
CPU,22/03/2026 09:01:30,24.06160411,2
CPU,22/03/2026 09:01:45,16.46666667,2
CPU,22/03/2026 09:02:00,17.03333333,2
CPU,22/03/2026 09:02:15,14.71137182,2
CPU,22/03/2026 09:02:30,23.55137694,2
CPU,22/03/2026 09:02:45,16.17225518,2
CPU,22/03/2026 09:03:00,15.69437963,2
CPU,22/03/2026 09:03:15,12.53333333,2
CPU,22/03/2026 09:03:30,20.93333333,2
CPU,22/03/2026 09:03:45,15.86666667,2
CPU,22/03/2026 09:04:00,16.37224185,2
CPU,22/03/2026 09:04:15,15.66104407,2
CPU,22/03/2026 09:04:30,20.47196854,2
CPU,22/03/2026 09:04:45,15.2610174,2
CPU,22/03/2026 09:05:00,16.5,2
CPU,22/03/2026 09:05:15,15.43333333,2
CPU,22/03/2026 09:05:30,20.27198187,2
CPU,22/03/2026 09:05:45,14.76666667,2
CPU,22/03/2026 09:06:00,12.96666667,2
CPU,22/03/2026 09:06:15,14.86099073,2
CPU,22/03/2026 09:06:30,20.3719752,2
CPU,22/03/2026 09:06:45,15.5610374,2
CPU,22/03/2026 09:07:00,16.33333333,2
CPU,22/03/2026 09:07:15,14.86666667,2
CPU,22/03/2026 09:07:30,16.03893074,2
CPU,22/03/2026 09:07:45,18.36122408,2
CPU,22/03/2026 09:08:00,15.93333333,2
CPU,22/03/2026 09:08:15,13.1,2
CPU,22/03/2026 09:08:30,16.60555963,2
CPU,22/03/2026 09:08:45,19.42796186,2
CPU,22/03/2026 09:09:00,16.3,2
CPU,22/03/2026 09:09:15,15.13333333,2
CPU,22/03/2026 09:09:30,17.03333333,2
CPU,22/03/2026 09:09:45,16.5,2
CPU,22/03/2026 09:10:00,16.63889074,2
CPU,22/03/2026 09:10:15,15.5,2
CPU,22/03/2026 09:10:30,17.53333333,2
CPU,22/03/2026 09:10:45,17.69451297,2
CPU,22/03/2026 09:11:00,15.7,2
CPU,22/03/2026 09:11:15,14.57236184,2
CPU,22/03/2026 09:11:30,17.26666667,2
CPU,22/03/2026 09:11:45,19.46129742,2
CPU,22/03/2026 09:12:00,16.03893074,2
CPU,22/03/2026 09:12:15,15.99439963,2
CPU,22/03/2026 09:12:30,16.3,2
CPU,22/03/2026 09:12:45,18.20545297,2
CPU,22/03/2026 09:13:00,16.43333333,2
CPU,22/03/2026 09:13:15,14.6609774,2
CPU,22/03/2026 09:13:30,16.1,2
CPU,22/03/2026 09:13:45,19.26666667,2
CPU,22/03/2026 09:14:00,17.23333333,2
CPU,22/03/2026 09:14:15,14.47236851,2
CPU,22/03/2026 09:14:30,16.3,2
CPU,22/03/2026 09:14:45,20.56137076,2
CPU,22/03/2026 09:15:00,17.3,2
CPU,22/03/2026 09:15:15,15.73333333,2
CPU,22/03/2026 09:15:30,15.46666667,2
CPU,22/03/2026 09:15:45,19.53333333,2
CPU,22/03/2026 09:16:00,16.16666667,2
CPU,22/03/2026 09:16:15,15.6389574,2
CPU,22/03/2026 09:16:30,15.46103074,2
CPU,22/03/2026 09:16:45,19.56666667,2
CPU,22/03/2026 09:17:00,15.43897074,2
CPU,22/03/2026 09:17:15,18.39455964,2
CPU,22/03/2026 09:17:30,15,2
CPU,22/03/2026 09:17:45,18,2
CPU,22/03/2026 09:18:00,15.0389974,2
CPU,22/03/2026 09:18:15,19.06127075,2
CPU,22/03/2026 09:18:30,17.13333333,2
CPU,22/03/2026 09:18:45,21.63333333,2
CPU,22/03/2026 09:19:00,20.3719752,2
CPU,22/03/2026 09:19:15,17.83333333,2
CPU,22/03/2026 09:19:30,15.43333333,2
CPU,22/03/2026 09:19:45,21.02806854,2
CPU,22/03/2026 09:20:00,16.06666667,2
CPU,22/03/2026 09:20:15,16.16666667,2
CPU,22/03/2026 09:20:30,15.9,2
CPU,22/03/2026 09:20:45,17.93333333,2
CPU,22/03/2026 09:21:00,14.7,2
CPU,22/03/2026 09:21:15,15.87227518,2
CPU,22/03/2026 09:21:30,15.92772852,2
CPU,22/03/2026 09:21:45,19.5,2
CPU,22/03/2026 09:22:00,16.03893074,2
CPU,22/03/2026 09:22:15,16.92779519,2
CPU,22/03/2026 09:22:30,16.17225518,2
CPU,22/03/2026 09:22:45,18.23333333,2
CPU,22/03/2026 09:23:00,15.73333333,2
CPU,22/03/2026 09:23:15,16.26108407,2
CPU,22/03/2026 09:23:30,15.66666667,2
CPU,22/03/2026 09:23:45,19.60535964,2
CPU,22/03/2026 09:24:00,16.63333333,2
CPU,22/03/2026 09:24:15,16.26108407,2
CPU,22/03/2026 09:24:30,14.76666667,2
CPU,22/03/2026 09:24:45,17.66666667,2
CPU,22/03/2026 09:25:00,16,2
CPU,22/03/2026 09:25:15,15.90560629,2
CPU,22/03/2026 09:25:30,14.6,2
CPU,22/03/2026 09:25:45,19.43333333,2
CPU,22/03/2026 09:26:00,16.26666667,2
CPU,22/03/2026 09:26:15,15.82772185,2
CPU,22/03/2026 09:26:30,15.36666667,2
CPU,22/03/2026 09:26:45,18.87207519,2
CPU,22/03/2026 09:27:00,16.3944263,2
CPU,22/03/2026 09:27:15,15,2
CPU,22/03/2026 09:27:30,15.76666667,2
CPU,22/03/2026 09:27:45,18.97206853,2
CPU,22/03/2026 09:28:00,15.59437296,2
CPU,22/03/2026 09:28:15,16.43333333,2
CPU,22/03/2026 09:28:30,15.76666667,2
CPU,22/03/2026 09:28:45,18.53333333,2
CPU,22/03/2026 09:29:00,17.2,2
CPU,22/03/2026 09:29:15,15.40563962,2
CPU,22/03/2026 09:29:30,15.46666667,2
CPU,22/03/2026 09:29:45,16.32775518,2
CPU,22/03/2026 09:30:00,19.86666667,2
CPU,22/03/2026 09:30:15,17.13885741,2
CPU,22/03/2026 09:30:30,16.02773518,2
CPU,22/03/2026 09:30:45,16.03893074,2
CPU,22/03/2026 09:31:00,18.6,2
CPU,22/03/2026 09:31:15,15.46666667,2
CPU,22/03/2026 09:31:30,12.93333333,2
CPU,22/03/2026 09:31:45,15.89439296,2
CPU,22/03/2026 09:32:00,17.13333333,2
CPU,22/03/2026 09:32:15,18.07212852,2
CPU,22/03/2026 09:32:30,14.63333333,2
CPU,22/03/2026 09:32:45,16.92779519,2
CPU,22/03/2026 09:33:00,19.53333333,2
CPU,22/03/2026 09:33:15,15.8,2
CPU,22/03/2026 09:33:30,13.94480736,2
CPU,22/03/2026 09:33:45,16.78890519,2
CPU,22/03/2026 09:34:00,19.30537964,2
CPU,22/03/2026 09:34:15,15.19434629,2
CPU,22/03/2026 09:34:30,14.67235518,2
CPU,22/03/2026 09:34:45,16.86112407,2
CPU,22/03/2026 09:35:00,18.33333333,2
CPU,22/03/2026 09:35:15,15.26666667,2
CPU,22/03/2026 09:35:30,14.76666667,2
CPU,22/03/2026 09:35:45,17.27218185,2
CPU,22/03/2026 09:36:00,18.07758965,2
CPU,22/03/2026 09:36:15,16.25550073,2
CPU,22/03/2026 09:36:30,14.83333333,2
CPU,22/03/2026 09:36:45,16.02773518,2
CPU,22/03/2026 09:37:00,18.53876408,2
CPU,22/03/2026 09:37:15,16.22774852,2
CPU,22/03/2026 09:37:30,15.2,2
CPU,22/03/2026 09:37:45,16.33333333,2
CPU,22/03/2026 09:38:00,15.73333333,2
CPU,22/03/2026 09:38:15,16.97220185,2
CPU,22/03/2026 09:38:30,15.59437296,2
CPU,22/03/2026 09:38:45,14.03333333,2
CPU,22/03/2026 09:39:00,13.2,2
CPU,22/03/2026 09:39:15,20.77194854,2
CPU,22/03/2026 09:39:30,14.33333333,2
CPU,22/03/2026 09:39:45,14.09427295,2
CPU,22/03/2026 09:40:00,13.93333333,2
CPU,22/03/2026 09:40:15,19.7,2
CPU,22/03/2026 09:40:30,15.07232851,2
CPU,22/03/2026 09:40:45,14.6609774,2
CPU,22/03/2026 09:41:00,14.53333333,2
CPU,22/03/2026 09:41:15,18.76666667,2
CPU,22/03/2026 09:41:30,14.5,2
CPU,22/03/2026 09:41:45,14.30571295,2
CPU,22/03/2026 09:42:00,13.93333333,2
CPU,22/03/2026 09:42:15,19.49463298,2
CPU,22/03/2026 09:42:30,13.26666667,2
CPU,22/03/2026 09:42:45,14.76666667,2
CPU,22/03/2026 09:43:00,15.26666667,2
CPU,22/03/2026 09:43:15,20.03333333,2
CPU,22/03/2026 09:43:30,14.16666667,2
CPU,22/03/2026 09:43:45,16.2,2
CPU,22/03/2026 09:44:00,17.16666667,2
CPU,22/03/2026 09:44:15,29.1,2
CPU,22/03/2026 09:44:30,19.7,2
CPU,22/03/2026 09:44:45,21.5,2
CPU,22/03/2026 09:45:00,21.06666667,2
CPU,22/03/2026 09:45:15,23.905073,2
CPU,22/03/2026 09:45:30,16.3,2
CPU,22/03/2026 09:45:45,20.09467298,2
CPU,22/03/2026 09:46:00,14.26666667,2
CPU,22/03/2026 09:46:15,24.3,2
CPU,22/03/2026 09:46:30,13.67242184,2
CPU,22/03/2026 09:46:45,17.36666667,2
CPU,22/03/2026 09:47:00,16.21675665,2
CPU,22/03/2026 09:47:15,22.14590557,2
CPU,22/03/2026 09:47:30,14.83333333,2
CPU,22/03/2026 09:47:45,17,2
CPU,22/03/2026 09:48:00,15.6,2
CPU,22/03/2026 09:48:15,18.3,2
CPU,22/03/2026 09:48:30,16.1,2
CPU,22/03/2026 09:48:45,18.73875075,2
CPU,22/03/2026 09:49:00,16.03333333,2
CPU,22/03/2026 09:49:15,24.36666667,2
CPU,22/03/2026 09:49:30,15.72771518,2
CPU,22/03/2026 09:49:45,17.06666667,2
CPU,22/03/2026 09:50:00,14.2,2
CPU,22/03/2026 09:50:15,19.63333333,2
CPU,22/03/2026 09:50:30,15.66666667,2
CPU,22/03/2026 09:50:45,15.97226852,2
CPU,22/03/2026 09:51:00,17.03333333,2
CPU,22/03/2026 09:51:15,23.16666667,2
CPU,22/03/2026 09:51:30,16.16107741,2
CPU,22/03/2026 09:51:45,15.5,2
CPU,22/03/2026 09:52:00,13.2,2
CPU,22/03/2026 09:52:15,20.16666667,2
CPU,22/03/2026 09:52:30,18.66666667,2
CPU,22/03/2026 09:52:45,20.66666667,2
CPU,22/03/2026 09:53:00,14.83333333,2
CPU,22/03/2026 09:53:15,22.26666667,2
CPU,22/03/2026 09:53:30,17.9,2
CPU,22/03/2026 09:53:45,19.46666667,2
CPU,22/03/2026 09:54:00,14.33333333,2
CPU,22/03/2026 09:54:15,19.7,2
CPU,22/03/2026 09:54:30,14.73333333,2
CPU,22/03/2026 09:54:45,14.86666667,2
CPU,22/03/2026 09:55:00,14.86666667,2
CPU,22/03/2026 09:55:15,19.96666667,2
CPU,22/03/2026 09:55:30,13.90573962,2
CPU,22/03/2026 09:55:45,25.43333333,2
CPU,22/03/2026 09:56:00,15.62770851,2
CPU,22/03/2026 09:56:15,20.36666667,2
CPU,22/03/2026 09:56:30,18.53876408,2
CPU,22/03/2026 09:56:45,24.36162411,2
CPU,22/03/2026 09:57:00,13.47243517,2
CPU,22/03/2026 09:57:15,17.3,2
CPU,22/03/2026 09:57:30,14.22761517,2
CPU,22/03/2026 09:57:45,15.53333333,2
CPU,22/03/2026 09:58:00,15.93333333,2
CPU,22/03/2026 09:58:15,15.56666667,2
CPU,22/03/2026 09:58:30,16.93887074,2
CPU,22/03/2026 09:58:45,13.79425295,2
CPU,22/03/2026 09:59:00,13.10579295,2
CPU,22/03/2026 09:59:15,14.2,2
CPU,22/03/2026 09:59:30,16.73888407,2
CPU,22/03/2026 09:59:45,16.79445296,2
CPU,22/03/2026 10:00:00,14.29428629,2
CPU,22/03/2026 10:00:15,15.60562629,2
CPU,22/03/2026 10:00:30,19.36666667,2
CPU,22/03/2026 10:00:45,15.96106407,2
CPU,22/03/2026 10:01:00,13.26666667,2
CPU,22/03/2026 10:01:15,15.16666667,2
CPU,22/03/2026 10:01:30,16.63889074,2
CPU,22/03/2026 10:01:45,12.3,2
CPU,22/03/2026 10:02:00,17.36115741,2
CPU,22/03/2026 10:02:15,16.57222852,2
CPU,22/03/2026 10:02:30,17.16666667,2
CPU,22/03/2026 10:02:45,15.07232851,2
CPU,22/03/2026 10:03:00,13.45512735,2
CPU,22/03/2026 10:03:15,16.06666667,2
CPU,22/03/2026 10:03:30,14.96666667,2
CPU,22/03/2026 10:03:45,13.00579961,2
CPU,22/03/2026 10:04:00,16,2
CPU,22/03/2026 10:04:15,16.03333333,2
CPU,22/03/2026 10:04:30,17.79451963,2
CPU,22/03/2026 10:04:45,21.81042528,2
CPU,22/03/2026 10:05:00,28.02853524,2
CPU,22/03/2026 10:05:15,18.9,2
CPU,22/03/2026 10:05:30,24.16572304,2
CPU,22/03/2026 10:05:45,22.0376301,2
CPU,22/03/2026 10:06:00,21.8562475,2
CPU,22/03/2026 10:06:15,16.06666667,2
CPU,22/03/2026 10:06:30,22.07186188,2
CPU,22/03/2026 10:06:45,16.96113074,2
CPU,22/03/2026 10:07:00,17.13885741,2
CPU,22/03/2026 10:07:15,16.32775518,2
CPU,22/03/2026 10:07:30,18.2,2
CPU,22/03/2026 10:07:45,13.63333333,2
CPU,22/03/2026 10:08:00,16.13333333,2
CPU,22/03/2026 10:08:15,15.66666667,2
CPU,22/03/2026 10:08:30,17.56666667,2
CPU,22/03/2026 10:08:45,15.13333333,2
CPU,22/03/2026 10:09:00,14.37237517,2
CPU,22/03/2026 10:09:15,14.02760184,2
CPU,22/03/2026 10:09:30,19.4,2
CPU,22/03/2026 10:09:45,14.37237517,2
CPU,22/03/2026 10:10:00,14.46096406,2
CPU,22/03/2026 10:10:15,14.87234184,2
CPU,22/03/2026 10:10:30,18.86666667,2
CPU,22/03/2026 10:10:45,15.86666667,2
CPU,22/03/2026 10:11:00,13.66091073,2
CPU,22/03/2026 10:11:15,15.5,2
CPU,22/03/2026 10:11:30,20.43333333,2
CPU,22/03/2026 10:11:45,15.97226852,2
CPU,22/03/2026 10:12:00,14.59430629,2
CPU,22/03/2026 10:12:15,16.27224852,2
CPU,22/03/2026 10:12:30,18.13333333,2
CPU,22/03/2026 10:12:45,14.4,2
CPU,22/03/2026 10:13:00,13.62757517,2
CPU,22/03/2026 10:13:15,16.77221519,2
CPU,22/03/2026 10:13:30,20.86139076,2
CPU,22/03/2026 10:13:45,13.7,2
CPU,22/03/2026 10:14:00,12.57249517,2
CPU,22/03/2026 10:14:15,14.8,2
CPU,22/03/2026 10:14:30,18.16811898,2
CPU,22/03/2026 10:14:45,20.02578719,2
CPU,22/03/2026 10:15:00,13.31825439,2
CPU,22/03/2026 10:15:15,14.04997328,2
CPU,22/03/2026 10:15:30,17.4,2
CPU,22/03/2026 10:15:45,15.43333333,2
CPU,22/03/2026 10:16:00,16.27224852,2
CPU,22/03/2026 10:16:15,14.59430629,2
CPU,22/03/2026 10:16:30,18.2,2
CPU,22/03/2026 10:16:45,16.53889741,2
CPU,22/03/2026 10:17:00,15.59437296,2
CPU,22/03/2026 10:17:15,15.67228851,2
CPU,22/03/2026 10:17:30,17.72784852,2
CPU,22/03/2026 10:17:45,16,2
CPU,22/03/2026 10:18:00,16.26666667,2
CPU,22/03/2026 10:18:15,15.26666667,2
CPU,22/03/2026 10:18:30,18.86666667,2
CPU,22/03/2026 10:18:45,17.33333333,2
CPU,22/03/2026 10:19:00,14.93333333,2
CPU,22/03/2026 10:19:15,14.43333333,2
CPU,22/03/2026 10:19:30,15.0389974,2
CPU,22/03/2026 10:19:45,19.20538631,2
CPU,22/03/2026 10:20:00,16.42776185,2
CPU,22/03/2026 10:20:15,14.99433296,2
CPU,22/03/2026 10:20:30,17.03333333,2
CPU,22/03/2026 10:20:45,27.80481301,2
CPU,22/03/2026 10:21:00,15.46103074,2
CPU,22/03/2026 10:21:15,17.90547297,2
CPU,22/03/2026 10:21:30,16.13333333,2
CPU,22/03/2026 10:21:45,19.52796853,2
CPU,22/03/2026 10:22:00,14,2
CPU,22/03/2026 10:22:15,14.77234851,2
CPU,22/03/2026 10:22:30,15.19434629,2
CPU,22/03/2026 10:22:45,18.2,2
CPU,22/03/2026 10:23:00,12.33333333,2
CPU,22/03/2026 10:23:15,14.7390174,2
CPU,22/03/2026 10:23:30,14.16094406,2
CPU,22/03/2026 10:23:45,18.03879741,2
CPU,22/03/2026 10:24:00,12.42749517,2
CPU,22/03/2026 10:24:15,13.13333333,2
CPU,22/03/2026 10:24:30,12.90580628,2
CPU,22/03/2026 10:24:45,19.4,2
CPU,22/03/2026 10:25:00,13.06087072,2
CPU,22/03/2026 10:25:15,14.9,2
CPU,22/03/2026 10:25:30,15.33333333,2
CPU,22/03/2026 10:25:45,16.00559963,2
CPU,22/03/2026 10:26:00,13.19421295,2
CPU,22/03/2026 10:26:15,13.44487402,2
CPU,22/03/2026 10:26:30,14.72764851,2
CPU,22/03/2026 10:26:45,16.86112407,2
CPU,22/03/2026 10:27:00,13.76666667,2
CPU,22/03/2026 10:27:15,14.1390574,2
CPU,22/03/2026 10:27:30,16.06107074,2
CPU,22/03/2026 10:27:45,17.5,2
CPU,22/03/2026 10:28:00,15.27796294,2
CPU,22/03/2026 10:28:15,14.05520736,2
CPU,22/03/2026 10:28:30,13.4,2
CPU,22/03/2026 10:28:45,28.17145524,2
CPU,22/03/2026 10:29:00,28.6,2
CPU,22/03/2026 10:29:15,26.86179079,2
CPU,22/03/2026 10:29:30,27.63333333,2
CPU,22/03/2026 10:29:45,34.67102193,2
CPU,22/03/2026 10:30:00,28.23333333,2
CPU,22/03/2026 10:30:15,26.13333333,2
CPU,22/03/2026 10:30:30,29.33333333,2
CPU,22/03/2026 10:30:45,33.60885215,2
CPU,22/03/2026 10:31:00,29.65259719,2
CPU,22/03/2026 10:31:15,26.30491301,2
CPU,22/03/2026 10:31:30,29.5380308,2
CPU,22/03/2026 10:31:45,33.82450993,2
CPU,22/03/2026 10:32:00,28.86666667,2
CPU,22/03/2026 10:32:15,27.1715219,2
CPU,22/03/2026 10:32:30,29.29528635,2
CPU,22/03/2026 10:32:45,28.97140191,2
CPU,22/03/2026 10:33:00,34.86232415,2
CPU,22/03/2026 10:33:15,29.50469969,2
CPU,22/03/2026 10:33:30,30.56666667,2
CPU,22/03/2026 10:33:45,28.56190413,2
CPU,22/03/2026 10:34:00,37.6,2
CPU,22/03/2026 10:34:15,27.27151523,2
CPU,22/03/2026 10:34:30,30.73333333,2
CPU,22/03/2026 10:34:45,28.22854857,2
CPU,22/03/2026 10:35:00,37.50416639,2
CPU,22/03/2026 10:35:15,26.46176412,2
CPU,22/03/2026 10:35:30,30.50463302,2
CPU,22/03/2026 10:35:45,27.66184412,2
CPU,22/03/2026 10:36:00,38.4,2
CPU,22/03/2026 10:36:15,27.7714819,2
CPU,22/03/2026 10:36:30,30.29535302,2
CPU,22/03/2026 10:36:45,27.83333333,2
CPU,22/03/2026 10:37:00,37.24170111,2
CPU,22/03/2026 10:37:15,27.6,2
CPU,22/03/2026 10:37:30,30.99079877,2
CPU,22/03/2026 10:37:45,27.63815746,2
CPU,22/03/2026 10:38:00,38.4,2
CPU,22/03/2026 10:38:15,26.39509301,2
CPU,22/03/2026 10:38:30,29.73333333,2
CPU,22/03/2026 10:38:45,26.43823745,2
CPU,22/03/2026 10:39:00,38.82925528,2
CPU,22/03/2026 10:39:15,26.13333333,2
CPU,22/03/2026 10:39:30,30.83794414,2
CPU,22/03/2026 10:39:45,26.99513301,2
CPU,22/03/2026 10:40:00,38.36666667,2
CPU,22/03/2026 10:40:15,25.93827078,2
CPU,22/03/2026 10:40:30,30.66204414,2
CPU,22/03/2026 10:40:45,27.1,2
CPU,22/03/2026 10:41:00,37.63333333,2
CPU,22/03/2026 10:41:15,26.81463707,2
CPU,22/03/2026 10:41:30,30.61945722,2
CPU,22/03/2026 10:41:45,26.67155523,2
CPU,22/03/2026 10:42:00,38.26666667,2
CPU,22/03/2026 10:42:15,27.5,2
CPU,22/03/2026 10:42:30,32.09547303,2
CPU,22/03/2026 10:42:45,26.98127041,2
CPU,22/03/2026 10:43:00,42.15509769,2
CPU,22/03/2026 10:43:15,28.3,2
CPU,22/03/2026 10:43:30,31.70910545,2
CPU,22/03/2026 10:43:45,27.72851523,2
CPU,22/03/2026 10:44:00,39.82932195,2
CPU,22/03/2026 10:44:15,27.9,2
CPU,22/03/2026 10:44:30,30.67590988,2
CPU,22/03/2026 10:44:45,28.36189079,2
CPU,22/03/2026 10:45:00,38.53333333,2
CPU,22/03/2026 10:45:15,29.36195746,2
CPU,22/03/2026 10:45:30,30.70923877,2
CPU,22/03/2026 10:45:45,28.06187079,2
CPU,22/03/2026 10:46:00,39,2
CPU,22/03/2026 10:46:15,29.76666667,2
CPU,22/03/2026 10:46:30,30.42869525,2
CPU,22/03/2026 10:46:45,28.86666667,2
CPU,22/03/2026 10:47:00,34.56666667,2
CPU,22/03/2026 10:47:15,33.36666667,2
CPU,22/03/2026 10:47:30,31.20458636,2
CPU,22/03/2026 10:47:45,28.59523968,2
CPU,22/03/2026 10:48:00,34.40437304,2
CPU,22/03/2026 10:48:15,36.09573972,2
CPU,22/03/2026 10:48:30,30.16666667,2
CPU,22/03/2026 10:48:45,28.90473968,2
CPU,22/03/2026 10:49:00,30.72871525,2
CPU,22/03/2026 10:49:15,31.94240768,2
CPU,22/03/2026 10:49:30,35.29568638,2
CPU,22/03/2026 10:49:45,28.73333333,2
CPU,22/03/2026 10:50:00,31.69544636,2
CPU,22/03/2026 10:50:15,35.97093527,2
CPU,22/03/2026 10:50:30,30.63333333,2
CPU,22/03/2026 10:50:45,28.23333333,2
CPU,22/03/2026 10:51:00,30.92872858,2
CPU,22/03/2026 10:51:15,35.66666667,2
CPU,22/03/2026 10:51:30,30.30929209,2
CPU,22/03/2026 10:51:45,28.16187746,2
CPU,22/03/2026 10:52:00,30.69537969,2
CPU,22/03/2026 10:52:15,36.63333333,2
CPU,22/03/2026 10:52:30,30.53333333,2
CPU,22/03/2026 10:52:45,28.57142857,2
CPU,22/03/2026 10:53:00,30.1620108,2
CPU,22/03/2026 10:53:15,37.03333333,2
CPU,22/03/2026 10:53:30,29.87134191,2
CPU,22/03/2026 10:53:45,28.03333333,2
CPU,22/03/2026 10:54:00,30.36202413,2
CPU,22/03/2026 10:54:15,28.97140191,2
CPU,22/03/2026 10:54:30,37.72918195,2
CPU,22/03/2026 10:54:45,28.10479301,2
CPU,22/03/2026 10:55:00,30.62870858,2
CPU,22/03/2026 10:55:15,38.03333333,2
CPU,22/03/2026 10:55:30,29.43803746,2
CPU,22/03/2026 10:55:45,29.2,2
CPU,22/03/2026 10:56:00,30.7379508,2
CPU,22/03/2026 10:56:15,37.22496333,2
CPU,22/03/2026 10:56:30,29.2380508,2
CPU,22/03/2026 10:56:45,30.03333333,2
CPU,22/03/2026 10:57:00,28.56666667,2
CPU,22/03/2026 10:57:15,38.6,2
CPU,22/03/2026 10:57:30,29,2
CPU,22/03/2026 10:57:45,21.06140409,2
CPU,22/03/2026 10:58:00,12.0901093,2
CPU,22/03/2026 10:58:15,18.84502534,2
CPU,22/03/2026 10:58:30,15.83333333,2
CPU,22/03/2026 10:58:45,14.97233518,2
CPU,22/03/2026 10:59:00,15.69437963,2
CPU,22/03/2026 10:59:15,18,2
CPU,22/03/2026 10:59:30,14.87234184,2
CPU,22/03/2026 10:59:45,15.32768851,2
CPU,22/03/2026 11:00:00,15.0389974,2
CPU,22/03/2026 11:00:15,17.90547297,2
CPU,22/03/2026 11:00:30,16.72778185,2
CPU,22/03/2026 11:00:45,15.53333333,2
CPU,22/03/2026 11:01:00,15.69437963,2
CPU,22/03/2026 11:01:15,16.86666667,2
CPU,22/03/2026 11:01:30,18.63333333,2
CPU,22/03/2026 11:01:45,16.73333333,2
CPU,22/03/2026 11:02:00,15.86666667,2
CPU,22/03/2026 11:02:15,15.56666667,2
CPU,22/03/2026 11:02:30,20.03866409,2
CPU,22/03/2026 11:02:45,15.59437296,2
CPU,22/03/2026 11:03:00,15.57229518,2
CPU,22/03/2026 11:03:15,17.62784186,2
CPU,22/03/2026 11:03:30,18.47210186,2
CPU,22/03/2026 11:03:45,16.59443963,2
CPU,22/03/2026 11:04:00,15.77228185,2
CPU,22/03/2026 11:04:15,16.1,2
CPU,22/03/2026 11:04:30,19.22794853,2
CPU,22/03/2026 11:04:45,16.93333333,2
CPU,22/03/2026 11:05:00,14.7390174,2
CPU,22/03/2026 11:05:15,16.36666667,2
CPU,22/03/2026 11:05:30,19.29461964,2
CPU,22/03/2026 11:05:45,16,2
CPU,22/03/2026 11:06:00,15.20565296,2
CPU,22/03/2026 11:06:15,17.33333333,2
CPU,22/03/2026 11:06:30,18.23333333,2
CPU,22/03/2026 11:06:45,17.20551963,2
CPU,22/03/2026 11:07:00,15.62208294,2
CPU,22/03/2026 11:07:15,18.10545964,2
CPU,22/03/2026 11:07:30,18.96126408,2
CPU,22/03/2026 11:07:45,16.17225518,2
CPU,22/03/2026 11:08:00,15.56666667,2
CPU,22/03/2026 11:08:15,17.46666667,2
CPU,22/03/2026 11:08:30,18.86125742,2
CPU,22/03/2026 11:08:45,16.30557963,2
CPU,22/03/2026 11:09:00,15.83333333,2
CPU,22/03/2026 11:09:15,17.76666667,2
CPU,22/03/2026 11:09:30,19.2,2
CPU,22/03/2026 11:09:45,16.09440629,2
CPU,22/03/2026 11:10:00,15.5,2
CPU,22/03/2026 11:10:15,17.7,2
CPU,22/03/2026 11:10:30,18.6,2
CPU,22/03/2026 11:10:45,15.23333333,2
CPU,22/03/2026 11:11:00,15.8,2
CPU,22/03/2026 11:11:15,16.6,2
CPU,22/03/2026 11:11:30,19.36666667,2
CPU,22/03/2026 11:11:45,17.00553296,2
CPU,22/03/2026 11:12:00,15.76105074,2
CPU,22/03/2026 11:12:15,16.83333333,2
CPU,22/03/2026 11:12:30,17,2
CPU,22/03/2026 11:12:45,17.43333333,2
CPU,22/03/2026 11:13:00,16.27224852,2
CPU,22/03/2026 11:13:15,17.19447963,2
CPU,22/03/2026 11:13:30,17.37217519,2
CPU,22/03/2026 11:13:45,18.93333333,2
CPU,22/03/2026 11:14:00,15.2610174,2
CPU,22/03/2026 11:14:15,16.10559296,2
CPU,22/03/2026 11:14:30,15.5610374,2
CPU,22/03/2026 11:14:45,20.3719752,2
CPU,22/03/2026 11:15:00,14.59430629,2
CPU,22/03/2026 11:15:15,16.53889741,2
CPU,22/03/2026 11:15:30,15.2,2
CPU,22/03/2026 11:15:45,20.00533298,2
CPU,22/03/2026 11:16:00,15.02200293,2
CPU,22/03/2026 11:16:15,17.20551963,2
CPU,22/03/2026 11:16:30,15.36666667,2
CPU,22/03/2026 11:16:45,19.46666667,2
CPU,22/03/2026 11:17:00,14.5,2
CPU,22/03/2026 11:17:15,17.2944863,2
CPU,22/03/2026 11:17:30,16.1,2
CPU,22/03/2026 11:17:45,19.8,2
CPU,22/03/2026 11:18:00,14.46666667,2
CPU,22/03/2026 11:18:15,17.1,2
CPU,22/03/2026 11:18:30,16,2
CPU,22/03/2026 11:18:45,19.63333333,2
CPU,22/03/2026 11:19:00,14.33333333,2
CPU,22/03/2026 11:19:15,17.2,2
CPU,22/03/2026 11:19:30,15.6,2
CPU,22/03/2026 11:19:45,20.9,2
CPU,22/03/2026 11:20:00,15.46666667,2
CPU,22/03/2026 11:20:15,16.63333333,2
CPU,22/03/2026 11:20:30,15.9389374,2
CPU,22/03/2026 11:20:45,19.26666667,2
CPU,22/03/2026 11:21:00,15,2
CPU,22/03/2026 11:21:15,18.36666667,2
CPU,22/03/2026 11:21:30,16.02773518,2
CPU,22/03/2026 11:21:45,19.9,2
CPU,22/03/2026 11:22:00,15.07232851,2
CPU,22/03/2026 11:22:15,17.26666667,2
CPU,22/03/2026 11:22:30,15.36666667,2
CPU,22/03/2026 11:22:45,19.43333333,2
CPU,22/03/2026 11:23:00,14.69431295,2
CPU,22/03/2026 11:23:15,18.0054663,2
CPU,22/03/2026 11:23:30,14.59430629,2
CPU,22/03/2026 11:23:45,19.83333333,2
CPU,22/03/2026 11:24:00,15.40563962,2
CPU,22/03/2026 11:24:15,16.86666667,2
CPU,22/03/2026 11:24:30,14.7,2
CPU,22/03/2026 11:24:45,19.86666667,2
CPU,22/03/2026 11:25:00,15.49436629,2
CPU,22/03/2026 11:25:15,17.4055063,2
CPU,22/03/2026 11:25:30,14.43333333,2
CPU,22/03/2026 11:25:45,20.2280152,2
CPU,22/03/2026 11:26:00,15.3389774,2
CPU,22/03/2026 11:26:15,16.32775518,2
CPU,22/03/2026 11:26:30,14.66666667,2
CPU,22/03/2026 11:26:45,20.83333333,2
CPU,22/03/2026 11:27:00,15.80561296,2
CPU,22/03/2026 11:27:15,16.16107741,2
CPU,22/03/2026 11:27:30,14.43333333,2
CPU,22/03/2026 11:27:45,20.63333333,2
CPU,22/03/2026 11:28:00,15.2,2
CPU,22/03/2026 11:28:15,16.60555963,2
CPU,22/03/2026 11:28:30,15.06666667,2
CPU,22/03/2026 11:28:45,19.96666667,2
CPU,22/03/2026 11:29:00,15.96106407,2
CPU,22/03/2026 11:29:15,16.83333333,2
CPU,22/03/2026 11:29:30,15.6389574,2
CPU,22/03/2026 11:29:45,19.41074523,2
CPU,22/03/2026 11:30:00,16.28883851,2
CPU,22/03/2026 11:30:15,16.13333333,2
CPU,22/03/2026 11:30:30,16.56110407,2
CPU,22/03/2026 11:30:45,16.9,2
CPU,22/03/2026 11:31:00,18.77208186,2
CPU,22/03/2026 11:31:15,16.76666667,2
CPU,22/03/2026 11:31:30,16.8,2
CPU,22/03/2026 11:31:45,16.62777519,2
CPU,22/03/2026 11:32:00,18.8,2
CPU,22/03/2026 11:32:15,15.50563296,2
CPU,22/03/2026 11:32:30,15.8,2
CPU,22/03/2026 11:32:45,16.43333333,2
CPU,22/03/2026 11:33:00,18.82792186,2
CPU,22/03/2026 11:33:15,17.1,2
CPU,22/03/2026 11:33:30,14.6,2
CPU,22/03/2026 11:33:45,16.06666667,2
CPU,22/03/2026 11:34:00,18.73333333,2
CPU,22/03/2026 11:34:15,17.17218852,2
CPU,22/03/2026 11:34:30,16,2
CPU,22/03/2026 11:34:45,15.59437296,2
CPU,22/03/2026 11:35:00,18.4,2
CPU,22/03/2026 11:35:15,16.9,2
CPU,22/03/2026 11:35:30,15.7,2
CPU,22/03/2026 11:35:45,24.23838411,2
CPU,22/03/2026 11:36:00,35.8,2
CPU,22/03/2026 11:36:15,28.82858857,2
CPU,22/03/2026 11:36:30,24.13333333,2
CPU,22/03/2026 11:36:45,31.07126192,2
CPU,22/03/2026 11:37:00,31.42876192,2
CPU,22/03/2026 11:37:15,28.3,2
CPU,22/03/2026 11:37:30,22.95387897,2
CPU,22/03/2026 11:37:45,26.28525705,2
CPU,22/03/2026 11:38:00,31.76211747,2
CPU,22/03/2026 11:38:15,26.94307426,2
CPU,22/03/2026 11:38:30,25.39502634,2
CPU,22/03/2026 11:38:45,27.56183746,2
CPU,22/03/2026 11:39:00,32.03333333,2
CPU,22/03/2026 11:39:15,28.0762565,2
CPU,22/03/2026 11:39:30,26.12348313,2
CPU,22/03/2026 11:39:45,26.66666667,2
CPU,22/03/2026 11:40:00,31.67122192,2
CPU,22/03/2026 11:40:15,27.4,2
CPU,22/03/2026 11:40:30,23.13586993,2
CPU,22/03/2026 11:40:45,22.8973521,2
CPU,22/03/2026 11:41:00,32.92886192,2
CPU,22/03/2026 11:41:15,27.57149523,2
CPU,22/03/2026 11:41:30,27.43333333,2
CPU,22/03/2026 11:41:45,27.2,2
CPU,22/03/2026 11:42:00,30.89539303,2
CPU,22/03/2026 11:42:15,30.13333333,2
CPU,22/03/2026 11:42:30,26.5715619,2
CPU,22/03/2026 11:42:45,29.8380108,2
CPU,22/03/2026 11:43:00,28.16187746,2
CPU,22/03/2026 11:43:15,35.53333333,2
CPU,22/03/2026 11:43:30,26.7,2
CPU,22/03/2026 11:43:45,26.93333333,2
CPU,22/03/2026 11:44:00,27.8285219,2
CPU,22/03/2026 11:44:15,33.73333333,2
CPU,22/03/2026 11:44:30,26.83821079,2
CPU,22/03/2026 11:44:45,27,2
CPU,22/03/2026 11:45:00,27.79518635,2
CPU,22/03/2026 11:45:15,35.8,2
CPU,22/03/2026 11:45:30,26.74310092,2
CPU,22/03/2026 11:45:45,28.3429942,2
CPU,22/03/2026 11:46:00,27.07985856,2
CPU,22/03/2026 11:46:15,35.7,2
CPU,22/03/2026 11:46:30,25.80494634,2
CPU,22/03/2026 11:46:45,25.86172411,2
CPU,22/03/2026 11:47:00,28.3,2
CPU,22/03/2026 11:47:15,35.7,2
CPU,22/03/2026 11:47:30,26.77642981,2
CPU,22/03/2026 11:47:45,29.26666667,2
CPU,22/03/2026 11:48:00,28.82858857,2
CPU,22/03/2026 11:48:15,35.99573305,2
CPU,22/03/2026 11:48:30,27.57149523,2
CPU,22/03/2026 11:48:45,28.9619308,2
CPU,22/03/2026 11:49:00,28.77616318,2
CPU,22/03/2026 11:49:15,35.22469663,2
CPU,22/03/2026 11:49:30,28.27144857,2
CPU,22/03/2026 11:49:45,28.96666667,2
CPU,22/03/2026 11:50:00,28.59523968,2
CPU,22/03/2026 11:50:15,35.93760416,2
CPU,22/03/2026 11:50:30,27.96666667,2
CPU,22/03/2026 11:50:45,28.92859524,2
CPU,22/03/2026 11:51:00,27.4,2
CPU,22/03/2026 11:51:15,33.64423718,2
CPU,22/03/2026 11:51:30,27.8185457,2
CPU,22/03/2026 11:51:45,28.9,2
CPU,22/03/2026 11:52:00,27.60482634,2
CPU,22/03/2026 11:52:15,33.42889526,2
CPU,22/03/2026 11:52:30,28.13812413,2
CPU,22/03/2026 11:52:45,27.19514634,2
CPU,22/03/2026 11:53:00,29.36666667,2
CPU,22/03/2026 11:53:15,34.90433971,2
CPU,22/03/2026 11:53:30,31.66211081,2
CPU,22/03/2026 11:53:45,28.9380708,2
CPU,22/03/2026 11:54:00,30.09533969,2
CPU,22/03/2026 11:54:15,32.96666667,2
CPU,22/03/2026 11:54:30,34.13772415,2
CPU,22/03/2026 11:54:45,28.13333333,2
CPU,22/03/2026 11:55:00,29.76198413,2
CPU,22/03/2026 11:55:15,29.13333333,2
CPU,22/03/2026 11:55:30,37.77081528,2
CPU,22/03/2026 11:55:45,28.13333333,2
CPU,22/03/2026 11:56:00,30.1620108,2
CPU,22/03/2026 11:56:15,29.93333333,2
CPU,22/03/2026 11:56:30,37.40417306,2
CPU,22/03/2026 11:56:45,27.7,2
CPU,22/03/2026 11:57:00,30.03333333,2
CPU,22/03/2026 11:57:15,28.43333333,2
CPU,22/03/2026 11:57:30,39.53333333,2
CPU,22/03/2026 11:57:45,27.72851523,2
CPU,22/03/2026 11:58:00,30.96666667,2
CPU,22/03/2026 11:58:15,29,2
CPU,22/03/2026 11:58:30,37.17504333,2
CPU,22/03/2026 11:58:45,26.63333333,2
CPU,22/03/2026 11:59:00,29.92398987,2
CPU,22/03/2026 11:59:15,25.4,2
CPU,22/03/2026 11:59:30,37.03753083,2
CPU,22/03/2026 11:59:45,25.66171078,2
CPU,22/03/2026 12:00:00,31,2
CPU,22/03/2026 12:00:15,25.83827745,2
CPU,22/03/2026 12:00:30,36.9375375,2
CPU,22/03/2026 12:00:45,26.22841523,2
CPU,22/03/2026 12:01:00,29.73333333,2
CPU,22/03/2026 12:01:15,27.27636315,2
CPU,22/03/2026 12:01:30,32.4198173,2
CPU,22/03/2026 12:01:45,26.5715619,2
CPU,22/03/2026 12:02:00,29.73333333,2
CPU,22/03/2026 12:02:15,27.5,2
CPU,22/03/2026 12:02:30,36.44180776,2
CPU,22/03/2026 12:02:45,27.75221711,2
CPU,22/03/2026 12:03:00,30.73333333,2
CPU,22/03/2026 12:03:15,28.4,2
CPU,22/03/2026 12:03:30,38.36666667,2
CPU,22/03/2026 12:03:45,27.56666667,2
CPU,22/03/2026 12:04:00,31.43333333,2
CPU,22/03/2026 12:04:15,29.37137524,2
CPU,22/03/2026 12:04:30,37.29581972,2
CPU,22/03/2026 12:04:45,27.57149523,2
CPU,22/03/2026 12:05:00,30.7620508,2
CPU,22/03/2026 12:05:15,28.77141524,2
CPU,22/03/2026 12:05:30,38.3625575,2
CPU,22/03/2026 12:05:45,28.16666667,2
CPU,22/03/2026 12:06:00,30.43333333,2
CPU,22/03/2026 12:06:15,28.53333333,2
CPU,22/03/2026 12:06:30,38.60409306,2
CPU,22/03/2026 12:06:45,28.86192413,2
CPU,22/03/2026 12:07:00,28.03813079,2
CPU,22/03/2026 12:07:15,26.59510634,2
CPU,22/03/2026 12:07:30,31.16666667,2
CPU,22/03/2026 12:07:45,32.30451303,2
CPU,22/03/2026 12:08:00,31.4,2
CPU,22/03/2026 12:08:15,28.84282096,2
CPU,22/03/2026 12:08:30,33.65339735,2
CPU,22/03/2026 12:08:45,33.6,2
CPU,22/03/2026 12:09:00,31.9,2
CPU,22/03/2026 12:09:15,29.17138857,2
CPU,22/03/2026 12:09:30,30.3,2
CPU,22/03/2026 12:09:45,26.36666667,2
CPU,22/03/2026 12:10:00,32.83781081,2
CPU,22/03/2026 12:10:15,26.42842856,2
CPU,22/03/2026 12:10:30,29.94267431,2
CPU,22/03/2026 12:10:45,31.62877525,2
CPU,22/03/2026 12:11:00,29.9,2
CPU,22/03/2026 12:11:15,28.4285619,2
CPU,22/03/2026 12:11:30,31.30457969,2
CPU,22/03/2026 12:11:45,32.52433658,2
CPU,22/03/2026 12:12:00,30.30464636,2
CPU,22/03/2026 12:12:15,27.99519968,2
CPU,22/03/2026 12:12:30,31.40457303,2
CPU,22/03/2026 12:12:45,33.57552326,2
CPU,22/03/2026 12:13:00,29.2619508,2
CPU,22/03/2026 12:13:15,29.69531302,2
CPU,22/03/2026 12:13:30,31.4,2
CPU,22/03/2026 12:13:45,33.26666667,2
CPU,22/03/2026 12:14:00,30.36202413,2
CPU,22/03/2026 12:14:15,27.43333333,2
CPU,22/03/2026 12:14:30,30.53333333,2
CPU,22/03/2026 12:14:45,30.97126858,2
CPU,22/03/2026 12:15:00,27.19514634,2
CPU,22/03/2026 12:15:15,25.00999867,2
CPU,22/03/2026 12:15:30,28.03813079,2
CPU,22/03/2026 12:15:45,31.68633727,2
CPU,22/03/2026 12:16:00,29.57136191,2
CPU,22/03/2026 12:16:15,26.11477704,2
CPU,22/03/2026 12:16:30,29.75261719,2
CPU,22/03/2026 12:16:45,29.8,2
CPU,22/03/2026 12:17:00,27.1,2
CPU,22/03/2026 12:17:15,26.22841523,2
CPU,22/03/2026 12:17:30,30.1,2
CPU,22/03/2026 12:17:45,34.16666667,2
CPU,22/03/2026 12:18:00,28.3714419,2
CPU,22/03/2026 12:18:15,26.52843523,2
CPU,22/03/2026 12:18:30,30.13333333,2
CPU,22/03/2026 12:18:45,33.8,2
CPU,22/03/2026 12:19:00,28.90473968,2
CPU,22/03/2026 12:19:15,26.63333333,2
CPU,22/03/2026 12:19:30,30.53333333,2
CPU,22/03/2026 12:19:45,30.83333333,2
CPU,22/03/2026 12:20:00,29.7,2
CPU,22/03/2026 12:20:15,27,2
CPU,22/03/2026 12:20:30,29.86666667,2
CPU,22/03/2026 12:20:45,31.56666667,2
CPU,22/03/2026 12:21:00,29.40470635,2
CPU,22/03/2026 12:21:15,28.69049207,2
CPU,22/03/2026 12:21:30,31.6,2
CPU,22/03/2026 12:21:45,29.8,2
CPU,22/03/2026 12:22:00,41.46666667,2
CPU,22/03/2026 12:22:15,28.86666667,2
CPU,22/03/2026 12:22:30,31.33791081,2
CPU,22/03/2026 12:22:45,29.10945207,2
CPU,22/03/2026 12:23:00,39.55457758,2
CPU,22/03/2026 12:23:15,30.9,2
CPU,22/03/2026 12:23:30,31.6,2
CPU,22/03/2026 12:23:45,28.93333333,2
CPU,22/03/2026 12:24:00,37.66666667,2
CPU,22/03/2026 12:24:15,29.50469969,2
CPU,22/03/2026 12:24:30,33.1422477,2
CPU,22/03/2026 12:24:45,29.35253717,2
CPU,22/03/2026 12:25:00,39.16666667,2
CPU,22/03/2026 12:25:15,29.17138857,2
CPU,22/03/2026 12:25:30,31.33333333,2
CPU,22/03/2026 12:25:45,29.63333333,2
CPU,22/03/2026 12:26:00,37.89585972,2
CPU,22/03/2026 12:26:15,29.77134858,2
CPU,22/03/2026 12:26:30,30.3,2
CPU,22/03/2026 12:26:45,30.4,2
CPU,22/03/2026 12:27:00,37.86252417,2
CPU,22/03/2026 12:27:15,29.60469302,2
CPU,22/03/2026 12:27:30,29.76666667,2
CPU,22/03/2026 12:27:45,30.32868858,2
CPU,22/03/2026 12:28:00,39.6,2
CPU,22/03/2026 12:28:15,29.93333333,2
CPU,22/03/2026 12:28:30,29.9140172,2
CPU,22/03/2026 12:28:45,30.25271721,2
CPU,22/03/2026 12:29:00,39.27071529,2
CPU,22/03/2026 12:29:15,28.86666667,2
CPU,22/03/2026 12:29:30,30.06200413,2
CPU,22/03/2026 12:29:45,29.93333333,2
CPU,22/03/2026 12:30:00,37.77081528,2
CPU,22/03/2026 12:30:15,33.6,2
CPU,22/03/2026 12:30:30,29.82865524,2
CPU,22/03/2026 12:30:45,31.07126192,2
CPU,22/03/2026 12:31:00,37.4,2
CPU,22/03/2026 12:31:15,32.46216414,2
CPU,22/03/2026 12:31:30,29.5380308,2
CPU,22/03/2026 12:31:45,29.73333333,2
CPU,22/03/2026 12:32:00,38.16666667,2
CPU,22/03/2026 12:32:15,31.69544636,2
CPU,22/03/2026 12:32:30,28.96666667,2
CPU,22/03/2026 12:32:45,31.03333333,2
CPU,22/03/2026 12:33:00,36.50846554,2
CPU,22/03/2026 12:33:15,32.32882192,2
CPU,22/03/2026 12:33:30,28.22854857,2
CPU,22/03/2026 12:33:45,31.26666667,2
CPU,22/03/2026 12:34:00,36.43757083,2
CPU,22/03/2026 12:34:15,31.96213081,2
CPU,22/03/2026 12:34:30,29.84736386,2
CPU,22/03/2026 12:34:45,31.39542636,2
CPU,22/03/2026 12:35:00,36.69577972,2
CPU,22/03/2026 12:35:15,33.26221748,2
CPU,22/03/2026 12:35:30,29.3,2
CPU,22/03/2026 12:35:45,31.57122858,2
CPU,22/03/2026 12:36:00,31.86212414,2
CPU,22/03/2026 12:36:15,29.06666667,2
CPU,22/03/2026 12:36:30,25.9,2
CPU,22/03/2026 12:36:45,28.56666667,2
CPU,22/03/2026 12:37:00,29.27138191,2
CPU,22/03/2026 12:37:15,31.83333333,2
CPU,22/03/2026 12:37:30,27.46183079,2
CPU,22/03/2026 12:37:45,27.6,2
CPU,22/03/2026 12:38:00,26.23333333,2
CPU,22/03/2026 12:38:15,32.63333333,2
CPU,22/03/2026 12:38:30,27.03333333,2
CPU,22/03/2026 12:38:45,23.06666667,2
CPU,22/03/2026 12:39:00,30.07132858,2
CPU,22/03/2026 12:39:15,25.26666667,2
CPU,22/03/2026 12:39:30,19.36129075,2
CPU,22/03/2026 12:39:45,16.30557963,2
CPU,22/03/2026 12:40:00,15.02766851,2
CPU,22/03/2026 12:40:15,18.93333333,2
CPU,22/03/2026 12:40:30,15.2,2
CPU,22/03/2026 12:40:45,16.76666667,2
CPU,22/03/2026 12:41:00,14.03906406,2
CPU,22/03/2026 12:41:15,21.83333333,2
CPU,22/03/2026 12:41:30,16.9944663,2
CPU,22/03/2026 12:41:45,14.7,2
CPU,22/03/2026 12:42:00,12.93333333,2
CPU,22/03/2026 12:42:15,16.93887074,2
CPU,22/03/2026 12:42:30,12.3274885,2
CPU,22/03/2026 12:42:45,15.60562629,2
CPU,22/03/2026 12:43:00,15.02766851,2
CPU,22/03/2026 12:43:15,17.2,2
CPU,22/03/2026 12:43:30,13,2
CPU,22/03/2026 12:43:45,16.07226185,2
CPU,22/03/2026 12:44:00,15.42769518,2
CPU,22/03/2026 12:44:15,19.23333333,2
CPU,22/03/2026 12:44:30,14.03333333,2
CPU,22/03/2026 12:44:45,15.83333333,2
CPU,22/03/2026 12:45:00,15.36666667,2
CPU,22/03/2026 12:45:15,18.3054463,2
CPU,22/03/2026 12:45:30,14.32762184,2
CPU,22/03/2026 12:45:45,16.03333333,2
CPU,22/03/2026 12:46:00,15.06666667,2
CPU,22/03/2026 12:46:15,17.5,2
CPU,22/03/2026 12:46:30,14.67235518,2
CPU,22/03/2026 12:46:45,16.3,2
CPU,22/03/2026 12:47:00,14.63333333,2
CPU,22/03/2026 12:47:15,18.52790186,2
CPU,22/03/2026 12:47:30,14.63902407,2
CPU,22/03/2026 12:47:45,16.26666667,2
CPU,22/03/2026 12:48:00,14.62764184,2
CPU,22/03/2026 12:48:15,17.67764298,2
CPU,22/03/2026 12:48:30,15.39435962,2
CPU,22/03/2026 12:48:45,15.09433962,2
CPU,22/03/2026 12:49:00,13.66666667,2
CPU,22/03/2026 12:49:15,18,2
CPU,22/03/2026 12:49:30,15.37230851,2
CPU,22/03/2026 12:49:45,14.09427295,2
CPU,22/03/2026 12:50:00,14.7,2
CPU,22/03/2026 12:50:15,24.87167522,2
CPU,22/03/2026 12:50:30,30.76666667,2
CPU,22/03/2026 12:50:45,23.26666667,2
CPU,22/03/2026 12:51:00,15.63333333,2
CPU,22/03/2026 12:51:15,15.96106407,2
CPU,22/03/2026 12:51:30,17.24436742,2
CPU,22/03/2026 12:51:45,17.48899853,2
CPU,22/03/2026 12:52:00,15.4,2
CPU,22/03/2026 12:52:15,16.76666667,2
CPU,22/03/2026 12:52:30,19.27204853,2
CPU,22/03/2026 12:52:45,15.73333333,2
CPU,22/03/2026 12:53:00,15.99439963,2
CPU,22/03/2026 12:53:15,16.97220185,2
CPU,22/03/2026 12:53:30,18.72791519,2
CPU,22/03/2026 12:53:45,15.37230851,2
CPU,22/03/2026 12:54:00,16.42776185,2
CPU,22/03/2026 12:54:15,16.06666667,2
CPU,22/03/2026 12:54:30,28.3714419,2
CPU,22/03/2026 12:54:45,17.39449297,2
CPU,22/03/2026 12:55:00,15.9,2
CPU,22/03/2026 12:55:15,18.50543297,2
CPU,22/03/2026 12:55:30,15.89439296,2
CPU,22/03/2026 12:55:45,16.63889074,2
CPU,22/03/2026 12:56:00,16.76666667,2
CPU,22/03/2026 12:56:15,17.66666667,2
CPU,22/03/2026 12:56:30,18.72791519,2
CPU,22/03/2026 12:56:45,15.34462072,2
CPU,22/03/2026 12:57:00,15.59437296,2
CPU,22/03/2026 12:57:15,14.79431962,2
CPU,22/03/2026 12:57:30,20.2,2
CPU,22/03/2026 12:57:45,16.26666667,2
CPU,22/03/2026 12:58:00,16.6,2
CPU,22/03/2026 12:58:15,14.93900407,2
CPU,22/03/2026 12:58:30,19.59463964,2
CPU,22/03/2026 12:58:45,15.73333333,2
CPU,22/03/2026 12:59:00,17.1,2
CPU,22/03/2026 12:59:15,16.10559296,2
CPU,22/03/2026 12:59:30,18.22788186,2
CPU,22/03/2026 12:59:45,16.8055463,2
CPU,22/03/2026 13:00:00,15.73333333,2
CPU,22/03/2026 13:00:15,15.46103074,2
CPU,22/03/2026 13:00:30,18.06666667,2
CPU,22/03/2026 13:00:45,22.03853076,2
CPU,22/03/2026 13:01:00,15.26666667,2
CPU,22/03/2026 13:01:15,14.42762851,2
CPU,22/03/2026 13:01:30,18.2,2
CPU,22/03/2026 13:01:45,17.73881741,2
CPU,22/03/2026 13:02:00,15.36666667,2
CPU,22/03/2026 13:02:15,14.99433296,2
CPU,22/03/2026 13:02:30,20.50529965,2
CPU,22/03/2026 13:02:45,17.09447296,2
CPU,22/03/2026 13:03:00,16.2,2
CPU,22/03/2026 13:03:15,14.6,2
CPU,22/03/2026 13:03:30,18.76666667,2
CPU,22/03/2026 13:03:45,15.4,2
CPU,22/03/2026 13:04:00,14.40570629,2
CPU,22/03/2026 13:04:15,14.53333333,2
CPU,22/03/2026 13:04:30,22.69484632,2
CPU,22/03/2026 13:04:45,15.76666667,2
CPU,22/03/2026 13:05:00,15.60562629,2
CPU,22/03/2026 13:05:15,17.7,2
CPU,22/03/2026 13:05:30,21.59477298,2
CPU,22/03/2026 13:05:45,21.03859743,2
CPU,22/03/2026 13:06:00,17.3,2
CPU,22/03/2026 13:06:15,18.4945663,2
CPU,22/03/2026 13:06:30,24.96666667,2
CPU,22/03/2026 13:06:45,18.6,2
CPU,22/03/2026 13:07:00,15.56666667,2
CPU,22/03/2026 13:07:15,16.66666667,2
CPU,22/03/2026 13:07:30,17.53333333,2
CPU,22/03/2026 13:07:45,25.3,2
CPU,22/03/2026 13:08:00,14.17238851,2
CPU,22/03/2026 13:08:15,15.29435296,2
CPU,22/03/2026 13:08:30,13.6,2
CPU,22/03/2026 13:08:45,16.5,2
CPU,22/03/2026 13:09:00,11.83921072,2
CPU,22/03/2026 13:09:15,17.06666667,2
CPU,22/03/2026 13:09:30,15.13333333,2
CPU,22/03/2026 13:09:45,19.33333333,2
CPU,22/03/2026 13:10:00,15.12767518,2
CPU,22/03/2026 13:10:15,16.8,2
CPU,22/03/2026 13:10:30,16.66666667,2
CPU,22/03/2026 13:10:45,26.7,2
CPU,22/03/2026 13:11:00,20.16666667,2
CPU,22/03/2026 13:11:15,17.6,2
CPU,22/03/2026 13:11:30,17.03886408,2
CPU,22/03/2026 13:11:45,19.0279352,2
CPU,22/03/2026 13:12:00,16.56666667,2
CPU,22/03/2026 13:12:15,18.10545964,2
CPU,22/03/2026 13:12:30,16.53333333,2
CPU,22/03/2026 13:12:45,21.12807521,2
CPU,22/03/2026 13:13:00,15.06666667,2
CPU,22/03/2026 13:13:15,15.33333333,2
CPU,22/03/2026 13:13:30,14.97233518,2
CPU,22/03/2026 13:13:45,17.72784852,2
CPU,22/03/2026 13:14:00,15.20565296,2
CPU,22/03/2026 13:14:15,20.2280152,2
CPU,22/03/2026 13:14:30,13.1,2
CPU,22/03/2026 13:14:45,18.33333333,2
CPU,22/03/2026 13:15:00,15.96666667,2
CPU,22/03/2026 13:15:15,17.73881741,2
CPU,22/03/2026 13:15:30,14.23333333,2
CPU,22/03/2026 13:15:45,17.52783519,2
CPU,22/03/2026 13:16:00,15.43333333,2
CPU,22/03/2026 13:16:15,18.33333333,2
CPU,22/03/2026 13:16:30,14.03333333,2
CPU,22/03/2026 13:16:45,21.93333333,2
CPU,22/03/2026 13:17:00,15.36666667,2
CPU,22/03/2026 13:17:15,17.07219519,2
CPU,22/03/2026 13:17:30,14.43333333,2
CPU,22/03/2026 13:17:45,25.56170411,2
CPU,22/03/2026 13:18:00,16.63333333,2
CPU,22/03/2026 13:18:15,17.56666667,2
CPU,22/03/2026 13:18:30,14.37237517,2
CPU,22/03/2026 13:18:45,17.43333333,2
CPU,22/03/2026 13:19:00,14.86099073,2
CPU,22/03/2026 13:19:15,16.03333333,2
CPU,22/03/2026 13:19:30,14.56666667,2
CPU,22/03/2026 13:19:45,18.16666667,2
CPU,22/03/2026 13:20:00,17.33884408,2
CPU,22/03/2026 13:20:15,15.82772185,2
CPU,22/03/2026 13:20:30,14.97233518,2
CPU,22/03/2026 13:20:45,15.09433962,2
CPU,22/03/2026 13:21:00,18.56666667,2
CPU,22/03/2026 13:21:15,14.56666667,2
CPU,22/03/2026 13:21:30,12.73333333,2
CPU,22/03/2026 13:21:45,18.6054263,2
CPU,22/03/2026 13:22:00,17.46116408,2
CPU,22/03/2026 13:22:15,14.6,2
CPU,22/03/2026 13:22:30,15.23898407,2
CPU,22/03/2026 13:22:45,16.86112407,2
CPU,22/03/2026 13:23:00,17.63333333,2
CPU,22/03/2026 13:23:15,14.03333333,2
CPU,22/03/2026 13:23:30,19.67202187,2
CPU,22/03/2026 13:23:45,17.52783519,2
CPU,22/03/2026 13:24:00,17.5,2
CPU,22/03/2026 13:24:15,17.47216852,2
CPU,22/03/2026 13:24:30,28.54287428,2
CPU,22/03/2026 13:24:45,37.97105316,2
CPU,22/03/2026 13:25:00,33.82009735,2
CPU,22/03/2026 13:25:15,14.20571962,2
CPU,22/03/2026 13:25:30,14.09427295,2
CPU,22/03/2026 13:25:45,15.36666667,2
CPU,22/03/2026 13:26:00,15.9,2
CPU,22/03/2026 13:26:15,12.83914406,2
CPU,22/03/2026 13:26:30,15.26666667,2
CPU,22/03/2026 13:26:45,14.42762851,2
CPU,22/03/2026 13:27:00,19.26666667,2
CPU,22/03/2026 13:27:15,16.9,2
CPU,22/03/2026 13:27:30,16.03333333,2
CPU,22/03/2026 13:27:45,16.03893074,2
CPU,22/03/2026 13:28:00,18.26121741,2
CPU,22/03/2026 13:28:15,20.13333333,2
CPU,22/03/2026 13:28:30,15.73895074,2
CPU,22/03/2026 13:28:45,15.23333333,2
CPU,22/03/2026 13:29:00,19.5,2
CPU,22/03/2026 13:29:15,16.60555963,2
CPU,22/03/2026 13:29:30,16.29441963,2
CPU,22/03/2026 13:29:45,16,2
CPU,22/03/2026 13:30:00,18.52790186,2
CPU,22/03/2026 13:30:15,16.37224185,2
CPU,22/03/2026 13:30:30,15.66104407,2
CPU,22/03/2026 13:30:45,16.96666667,2
CPU,22/03/2026 13:31:00,15.40563962,2
CPU,22/03/2026 13:31:15,31.0620708,2
CPU,22/03/2026 13:31:30,16.33891074,2
CPU,22/03/2026 13:31:45,15.66666667,2
CPU,22/03/2026 13:32:00,16.46109741,2
CPU,22/03/2026 13:32:15,19.03333333,2
CPU,22/03/2026 13:32:30,14.57236184,2
CPU,22/03/2026 13:32:45,15.16101073,2
CPU,22/03/2026 13:33:00,15.9,2
CPU,22/03/2026 13:33:15,20.03333333,2
CPU,22/03/2026 13:33:30,15.76666667,2
CPU,22/03/2026 13:33:45,13.97240184,2
CPU,22/03/2026 13:34:00,16.59443963,2
CPU,22/03/2026 13:34:15,16.16666667,2
CPU,22/03/2026 13:34:30,15.13333333,2
CPU,22/03/2026 13:34:45,17.13885741,2
CPU,22/03/2026 13:35:00,19.5,2
CPU,22/03/2026 13:35:15,23.06153744,2
CPU,22/03/2026 13:35:30,20.13333333,2
CPU,22/03/2026 13:35:45,16.2,2
CPU,22/03/2026 13:36:00,17.87214186,2
CPU,22/03/2026 13:36:15,16.9,2
CPU,22/03/2026 13:36:30,16.03333333,2
CPU,22/03/2026 13:36:45,15.29435296,2
CPU,22/03/2026 13:37:00,16.26666667,2
CPU,22/03/2026 13:37:15,16.43333333,2
CPU,22/03/2026 13:37:30,15.86666667,2
CPU,22/03/2026 13:37:45,16.43890407,2
CPU,22/03/2026 13:38:00,14.56097073,2
CPU,22/03/2026 13:38:15,17.36666667,2
CPU,22/03/2026 13:38:30,16.3,2
CPU,22/03/2026 13:38:45,14.8,2
CPU,22/03/2026 13:39:00,15.37230851,2
CPU,22/03/2026 13:39:15,17.5,2
CPU,22/03/2026 13:39:30,16.23333333,2
CPU,22/03/2026 13:39:45,15.2,2
CPU,22/03/2026 13:40:00,14.39429295,2
CPU,22/03/2026 13:40:15,17.83881075,2
CPU,22/03/2026 13:40:30,17.06113741,2
CPU,22/03/2026 13:40:45,14,2
CPU,22/03/2026 13:41:00,14.9,2
CPU,22/03/2026 13:41:15,17.7,2
CPU,22/03/2026 13:41:30,18.0054663,2
CPU,22/03/2026 13:41:45,14.19427962,2
CPU,22/03/2026 13:42:00,16.83333333,2
CPU,22/03/2026 13:42:15,18.40543964,2
CPU,22/03/2026 13:42:30,15.99439963,2
CPU,22/03/2026 13:42:45,14.10572628,2
CPU,22/03/2026 13:43:00,16.94440741,2
CPU,22/03/2026 13:43:15,19.15049677,2
CPU,22/03/2026 13:43:30,16.86666667,2
CPU,22/03/2026 13:43:45,14.97233518,2
CPU,22/03/2026 13:44:00,17.49449963,2
CPU,22/03/2026 13:44:15,20.36666667,2
CPU,22/03/2026 13:44:30,17.13333333,2
CPU,22/03/2026 13:44:45,13.93907073,2
CPU,22/03/2026 13:45:00,15.76105074,2
CPU,22/03/2026 13:45:15,14.77234851,2
CPU,22/03/2026 13:45:30,21.92812854,2
CPU,22/03/2026 13:45:45,15.33333333,2
CPU,22/03/2026 13:46:00,17.87214186,2
CPU,22/03/2026 13:46:15,13.1,2
CPU,22/03/2026 13:46:30,21.33333333,2
CPU,22/03/2026 13:46:45,18.12787519,2
CPU,22/03/2026 13:47:00,16.40557296,2
CPU,22/03/2026 13:47:15,14.22761517,2
CPU,22/03/2026 13:47:30,18.20545297,2
CPU,22/03/2026 13:47:45,14.82765518,2
CPU,22/03/2026 13:48:00,15.93333333,2
CPU,22/03/2026 13:48:15,14.6,2
CPU,22/03/2026 13:48:30,20.13333333,2
CPU,22/03/2026 13:48:45,15.20565296,2
CPU,22/03/2026 13:49:00,17.06113741,2
CPU,22/03/2026 13:49:15,13.63333333,2
CPU,22/03/2026 13:49:30,19.97200187,2
CPU,22/03/2026 13:49:45,15.2610174,2
CPU,22/03/2026 13:50:00,16.4,2
CPU,22/03/2026 13:50:15,16.00559963,2
CPU,22/03/2026 13:50:30,23.96159744,2
CPU,22/03/2026 13:50:45,15.37230851,2
CPU,22/03/2026 13:51:00,16.43333333,2
CPU,22/03/2026 13:51:15,13.46666667,2
CPU,22/03/2026 13:51:30,22.33333333,2
CPU,22/03/2026 13:51:45,16.09440629,2
CPU,22/03/2026 13:52:00,20.30531298,2
CPU,22/03/2026 13:52:15,19.79465298,2
CPU,22/03/2026 13:52:30,20.49693578,2
CPU,22/03/2026 13:52:45,17.66746731,2
CPU,22/03/2026 13:53:00,16.26666667,2
CPU,22/03/2026 13:53:15,15.93333333,2
CPU,22/03/2026 13:53:30,19.6,2
CPU,22/03/2026 13:53:45,14.60569295,2
CPU,22/03/2026 13:54:00,16.42776185,2
CPU,22/03/2026 13:54:15,15.5,2
CPU,22/03/2026 13:54:30,21.00526632,2
CPU,22/03/2026 13:54:45,14.09427295,2
CPU,22/03/2026 13:55:00,18.63333333,2
CPU,22/03/2026 13:55:15,16.17225518,2
CPU,22/03/2026 13:55:30,20.9,2
CPU,22/03/2026 13:55:45,14.3609574,2
CPU,22/03/2026 13:56:00,15.90560629,2
CPU,22/03/2026 13:56:15,14.99433296,2
CPU,22/03/2026 13:56:30,18.83874408,2
CPU,22/03/2026 13:56:45,15.9,2
CPU,22/03/2026 13:57:00,17.36115741,2
CPU,22/03/2026 13:57:15,16.8,2
CPU,22/03/2026 13:57:30,17.33333333,2
CPU,22/03/2026 13:57:45,19.60535964,2
CPU,22/03/2026 13:58:00,16.1,2
CPU,22/03/2026 13:58:15,16.9944663,2
CPU,22/03/2026 13:58:30,14.3,2
CPU,22/03/2026 13:58:45,19.06666667,2
CPU,22/03/2026 13:59:00,17.20551963,2
CPU,22/03/2026 13:59:15,16.12774185,2
CPU,22/03/2026 13:59:30,17,2
CPU,22/03/2026 13:59:45,20.17198853,2
CPU,22/03/2026 14:00:00,18.13333333,2
CPU,22/03/2026 14:00:15,17.06666667,2
CPU,22/03/2026 14:00:30,20.5280352,2
CPU,22/03/2026 14:00:45,19.3,2
CPU,22/03/2026 14:01:00,24.17172189,2
CPU,22/03/2026 14:01:15,16.63333333,2
CPU,22/03/2026 14:01:30,15.9,2
CPU,22/03/2026 14:01:45,19.42796186,2
CPU,22/03/2026 14:02:00,18.17212186,2
CPU,22/03/2026 14:02:15,16.03333333,2
CPU,22/03/2026 14:02:30,15.52770185,2
CPU,22/03/2026 14:02:45,17.23333333,2
CPU,22/03/2026 14:03:00,16.46666667,2
CPU,22/03/2026 14:03:15,13.73908406,2
CPU,22/03/2026 14:03:30,15.7,2
CPU,22/03/2026 14:03:45,18.5,2
CPU,22/03/2026 14:04:00,16.59443963,2
CPU,22/03/2026 14:04:15,13.87240851,2
CPU,22/03/2026 14:04:30,15.32768851,2
CPU,22/03/2026 14:04:45,17.56666667,2
CPU,22/03/2026 14:05:00,15.56666667,2
CPU,22/03/2026 14:05:15,14.53903073,2
CPU,22/03/2026 14:05:30,16.22774852,2
CPU,22/03/2026 14:05:45,18.0054663,2
CPU,22/03/2026 14:06:00,15.1,2
CPU,22/03/2026 14:06:15,13.69424628,2
CPU,22/03/2026 14:06:30,17.06666667,2
CPU,22/03/2026 14:06:45,17.46666667,2
CPU,22/03/2026 14:07:00,15.83333333,2
CPU,22/03/2026 14:07:15,15.73333333,2
CPU,22/03/2026 14:07:30,16.5055663,2
CPU,22/03/2026 14:07:45,17.33333333,2
CPU,22/03/2026 14:08:00,14.36666667,2
CPU,22/03/2026 14:08:15,14.23333333,2
CPU,22/03/2026 14:08:30,14.52763518,2
CPU,22/03/2026 14:08:45,16.7,2
CPU,22/03/2026 14:09:00,14.6,2
CPU,22/03/2026 14:09:15,15.46666667,2
CPU,22/03/2026 14:09:30,15,2
CPU,22/03/2026 14:09:45,17.17218852,2
CPU,22/03/2026 14:10:00,16.29441963,2
CPU,22/03/2026 14:10:15,15.13333333,2
CPU,22/03/2026 14:10:30,15.30564629,2
CPU,22/03/2026 14:10:45,22.20518632,2
CPU,22/03/2026 14:11:00,28.69524635,2
CPU,22/03/2026 14:11:15,26.004933,2
CPU,22/03/2026 14:11:30,28.95719429,2
CPU,22/03/2026 14:11:45,29.43803746,2
CPU,22/03/2026 14:12:00,30.22868191,2
CPU,22/03/2026 14:12:15,26.97153523,2
CPU,22/03/2026 14:12:30,29.29528635,2
CPU,22/03/2026 14:12:45,30.67128858,2
CPU,22/03/2026 14:13:00,29.96199747,2
CPU,22/03/2026 14:13:15,25.60495967,2
CPU,22/03/2026 14:13:30,31.43333333,2
CPU,22/03/2026 14:13:45,28.99526635,2
CPU,22/03/2026 14:14:00,32.53333333,2
CPU,22/03/2026 14:14:15,25.83827745,2
CPU,22/03/2026 14:14:30,32.22881525,2
CPU,22/03/2026 14:14:45,26.3,2
CPU,22/03/2026 14:15:00,36.06666667,2
CPU,22/03/2026 14:15:15,26.46666667,2
CPU,22/03/2026 14:15:30,29.2380508,2
CPU,22/03/2026 14:15:45,26.67155523,2
CPU,22/03/2026 14:16:00,37.79170556,2
CPU,22/03/2026 14:16:15,26.70488634,2
CPU,22/03/2026 14:16:30,30.23333333,2
CPU,22/03/2026 14:16:45,26.49509967,2
CPU,22/03/2026 14:17:00,34.56666667,2
CPU,22/03/2026 14:17:15,25.83827745,2
CPU,22/03/2026 14:17:30,30.19534636,2
CPU,22/03/2026 14:17:45,26,2
CPU,22/03/2026 14:18:00,36.70421972,2
CPU,22/03/2026 14:18:15,25.66666667,2
CPU,22/03/2026 14:18:30,29.46666667,2
CPU,22/03/2026 14:18:45,27.3,2
CPU,22/03/2026 14:19:00,35.63333333,2
CPU,22/03/2026 14:19:15,27.30969204,2
CPU,22/03/2026 14:19:30,28.48569714,2
CPU,22/03/2026 14:19:45,27.1715219,2
CPU,22/03/2026 14:20:00,35.93333333,2
CPU,22/03/2026 14:20:15,27.4,2
CPU,22/03/2026 14:20:30,28.92859524,2
CPU,22/03/2026 14:20:45,27.6,2
CPU,22/03/2026 14:21:00,34.63333333,2
CPU,22/03/2026 14:21:15,26.9,2
CPU,22/03/2026 14:21:30,28.06666667,2
CPU,22/03/2026 14:21:45,27.9,2
CPU,22/03/2026 14:22:00,34.33333333,2
CPU,22/03/2026 14:22:15,27.67148857,2
CPU,22/03/2026 14:22:30,28.4285619,2
CPU,22/03/2026 14:22:45,27.67148857,2
CPU,22/03/2026 14:23:00,35.32902193,2
CPU,22/03/2026 14:23:15,29.40470635,2
CPU,22/03/2026 14:23:30,29.62864191,2
CPU,22/03/2026 14:23:45,26.33824412,2
CPU,22/03/2026 14:24:00,36.66666667,2
CPU,22/03/2026 14:24:15,25.9,2
CPU,22/03/2026 14:24:30,36.43333333,2
CPU,22/03/2026 14:24:45,36.29575305,2
CPU,22/03/2026 14:25:00,38.47487002,2
CPU,22/03/2026 14:25:15,26.22841523,2
CPU,22/03/2026 14:25:30,28.59523968,2
CPU,22/03/2026 14:25:45,28.20478635,2
CPU,22/03/2026 14:26:00,35.16234416,2
CPU,22/03/2026 14:26:15,26.4,2
CPU,22/03/2026 14:26:30,27.43333333,2
CPU,22/03/2026 14:26:45,28,2
CPU,22/03/2026 14:27:00,34.20438637,2
CPU,22/03/2026 14:27:15,26.2,2
CPU,22/03/2026 14:27:30,27.1,2
CPU,22/03/2026 14:27:45,28.43333333,2
CPU,22/03/2026 14:28:00,34.7,2
CPU,22/03/2026 14:28:15,27.03333333,2
CPU,22/03/2026 14:28:30,24.86165744,2
CPU,22/03/2026 14:28:45,28.33811079,2
CPU,22/03/2026 14:29:00,33.56223748,2
CPU,22/03/2026 14:29:15,28.03333333,2
CPU,22/03/2026 14:29:30,25.704953,2
CPU,22/03/2026 14:29:45,28.0762565,2
CPU,22/03/2026 14:30:00,32.76218415,2
CPU,22/03/2026 14:30:15,28.09520635,2
CPU,22/03/2026 14:30:30,27.19514634,2
CPU,22/03/2026 14:30:45,28.36666667,2
CPU,22/03/2026 14:31:00,30.00466636,2
CPU,22/03/2026 14:31:15,28.16666667,2
CPU,22/03/2026 14:31:30,26.36175745,2
CPU,22/03/2026 14:31:45,27.26666667,2
CPU,22/03/2026 14:32:00,31.33333333,2
CPU,22/03/2026 14:32:15,28.27622984,2
CPU,22/03/2026 14:32:30,26.82845523,2
CPU,22/03/2026 14:32:45,28.4285619,2
CPU,22/03/2026 14:33:00,32.47116859,2
CPU,22/03/2026 14:33:15,26.96179745,2
CPU,22/03/2026 14:33:30,27.33333333,2
CPU,22/03/2026 14:33:45,33.63333333,2
CPU,22/03/2026 14:34:00,30.28061054,2
CPU,22/03/2026 14:34:15,31.257501,2
CPU,22/03/2026 14:34:30,26.76178412,2
CPU,22/03/2026 14:34:45,27.67148857,2
CPU,22/03/2026 14:35:00,26.89512634,2
CPU,22/03/2026 14:35:15,32.43333333,2
CPU,22/03/2026 14:35:30,25.73333333,2
CPU,22/03/2026 14:35:45,28.20478635,2
CPU,22/03/2026 14:36:00,27.09513968,2
CPU,22/03/2026 14:36:15,36.20425305,2
CPU,22/03/2026 14:36:30,25.66666667,2
CPU,22/03/2026 14:36:45,27.73333333,2
CPU,22/03/2026 14:37:00,25.73333333,2
CPU,22/03/2026 14:37:15,35.99573305,2
CPU,22/03/2026 14:37:30,26.23825078,2
CPU,22/03/2026 14:37:45,28.16187746,2
CPU,22/03/2026 14:38:00,26.63822412,2
CPU,22/03/2026 14:38:15,36.22908194,2
CPU,22/03/2026 14:38:30,25.3,2
CPU,22/03/2026 14:38:45,31.66666667,2
CPU,22/03/2026 14:39:00,23.67175522,2
CPU,22/03/2026 14:39:15,36.06240416,2
CPU,22/03/2026 14:39:30,24.83834411,2
CPU,22/03/2026 14:39:45,28.06666667,2
CPU,22/03/2026 14:40:00,24.39495966,2
CPU,22/03/2026 14:40:15,36.10425972,2
CPU,22/03/2026 14:40:30,24.46163078,2
CPU,22/03/2026 14:40:45,29.07139524,2
CPU,22/03/2026 14:41:00,23.59490633,2
CPU,22/03/2026 14:41:15,32.63333333,2
CPU,22/03/2026 14:41:30,22.33851077,2
CPU,22/03/2026 14:41:45,25.56666667,2
CPU,22/03/2026 14:42:00,23.09487299,2
CPU,22/03/2026 14:42:15,36.84596414,2
CPU,22/03/2026 14:42:30,26.15189705,2
CPU,22/03/2026 14:42:45,29.3427543,2
CPU,22/03/2026 14:43:00,25.46666667,2
CPU,22/03/2026 14:43:15,36.92492332,2
CPU,22/03/2026 14:43:30,24.9,2
CPU,22/03/2026 14:43:45,28.53333333,2
CPU,22/03/2026 14:44:00,24.93333333,2
CPU,22/03/2026 14:44:15,35.83333333,2
CPU,22/03/2026 14:44:30,24.66666667,2
CPU,22/03/2026 14:44:45,28.33333333,2
CPU,22/03/2026 14:45:00,24.87167522,2
CPU,22/03/2026 14:45:15,36.59577305,2
CPU,22/03/2026 14:45:30,24.8,2
CPU,22/03/2026 14:45:45,28.86666667,2
CPU,22/03/2026 14:46:00,24.86666667,2
CPU,22/03/2026 14:46:15,33.9,2
CPU,22/03/2026 14:46:30,24.90500633,2
CPU,22/03/2026 14:46:45,29.63333333,2
CPU,22/03/2026 14:47:00,25.76171745,2
CPU,22/03/2026 14:47:15,35.93333333,2
CPU,22/03/2026 14:47:30,25.43333333,2
CPU,22/03/2026 14:47:45,29.07139524,2
CPU,22/03/2026 14:48:00,25.27164856,2
CPU,22/03/2026 14:48:15,34.85798106,2
CPU,22/03/2026 14:48:30,26.06666667,2
CPU,22/03/2026 14:48:45,28.44287428,2
CPU,22/03/2026 14:49:00,26.04319424,2
CPU,22/03/2026 14:49:15,37.22077749,2
CPU,22/03/2026 14:49:30,26.60978536,2
CPU,22/03/2026 14:49:45,28.97140191,2
CPU,22/03/2026 14:50:00,27.32364315,2
CPU,22/03/2026 14:50:15,37.35831444,2
CPU,22/03/2026 14:50:30,27.26666667,2
CPU,22/03/2026 14:50:45,28.97140191,2
CPU,22/03/2026 14:51:00,26.56177078,2
CPU,22/03/2026 14:51:15,33.43333333,2
CPU,22/03/2026 14:51:30,29.9,2
CPU,22/03/2026 14:51:45,27.53333333,2
CPU,22/03/2026 14:52:00,26.2,2
CPU,22/03/2026 14:52:15,32.06666667,2
CPU,22/03/2026 14:52:30,29.77134858,2
CPU,22/03/2026 14:52:45,28.74283429,2
CPU,22/03/2026 14:53:00,27.21877709,2
CPU,22/03/2026 14:53:15,30.06666667,2
CPU,22/03/2026 14:53:30,31.6,2
CPU,22/03/2026 14:53:45,28.06666667,2
CPU,22/03/2026 14:54:00,27.57149523,2
CPU,22/03/2026 14:54:15,29.30942541,2
CPU,22/03/2026 14:54:30,31.72878192,2
CPU,22/03/2026 14:54:45,28.46189746,2
CPU,22/03/2026 14:55:00,27.90480635,2
CPU,22/03/2026 14:55:15,28.89051874,2
CPU,22/03/2026 14:55:30,34.73333333,2
CPU,22/03/2026 14:55:45,28.06666667,2
CPU,22/03/2026 14:56:00,27.53333333,2
CPU,22/03/2026 14:56:15,27.4,2
CPU,22/03/2026 14:56:30,34.84202106,2
CPU,22/03/2026 14:56:45,25.92345646,2
CPU,22/03/2026 14:57:00,28.47620317,2
CPU,22/03/2026 14:57:15,27.02846856,2
CPU,22/03/2026 14:57:30,35.8,2
CPU,22/03/2026 14:57:45,25.96173078,2
CPU,22/03/2026 14:58:00,28.7095054,2
CPU,22/03/2026 14:58:15,28.09520635,2
CPU,22/03/2026 14:58:30,35.69571305,2
CPU,22/03/2026 14:58:45,27.10485968,2
CPU,22/03/2026 14:59:00,26.32842189,2
CPU,22/03/2026 14:59:15,28.56666667,2
CPU,22/03/2026 14:59:30,34.14211438,2
CPU,22/03/2026 14:59:45,27.89519301,2
CPU,22/03/2026 15:00:00,27.29515301,2
CPU,22/03/2026 15:00:15,29.26666667,2
CPU,22/03/2026 15:00:30,36.63333333,2
CPU,22/03/2026 15:00:45,27.96666667,2
CPU,22/03/2026 15:01:00,27.26666667,2
CPU,22/03/2026 15:01:15,29.12834866,2
CPU,22/03/2026 15:01:30,36.0410831,2
CPU,22/03/2026 15:01:45,27.73815079,2
CPU,22/03/2026 15:02:00,28.9619308,2
CPU,22/03/2026 15:02:15,31.73333333,2
CPU,22/03/2026 15:02:30,37.03333333,2
CPU,22/03/2026 15:02:45,29.96666667,2
CPU,22/03/2026 15:03:00,28.9,2
CPU,22/03/2026 15:03:15,29.27138191,2
CPU,22/03/2026 15:03:30,34.19561304,2
CPU,22/03/2026 15:03:45,32.86666667,2
CPU,22/03/2026 15:04:00,30.30464636,2
CPU,22/03/2026 15:04:15,29.76666667,2
CPU,22/03/2026 15:04:30,33.56666667,2
CPU,22/03/2026 15:04:45,34.06227082,2
CPU,22/03/2026 15:05:00,30.26666667,2
CPU,22/03/2026 15:05:15,29.7,2
CPU,22/03/2026 15:05:30,30.63795747,2
CPU,22/03/2026 15:05:45,36.23333333,2
CPU,22/03/2026 15:06:00,30.8,2
CPU,22/03/2026 15:06:15,28.86192413,2
CPU,22/03/2026 15:06:30,31.26666667,2
CPU,22/03/2026 15:06:45,34.9,2
CPU,22/03/2026 15:07:00,31.33333333,2
CPU,22/03/2026 15:07:15,28.0762565,2
CPU,22/03/2026 15:07:30,31.52876858,2
CPU,22/03/2026 15:07:45,38.87481669,2
CPU,22/03/2026 15:08:00,32.12428324,2
CPU,22/03/2026 15:08:15,22.46666667,2
CPU,22/03/2026 15:08:30,15.4,2
CPU,22/03/2026 15:08:45,16.36109074,2
CPU,22/03/2026 15:09:00,17.4055063,2
CPU,22/03/2026 15:09:15,17.09447296,2
CPU,22/03/2026 15:09:30,17.7,2
CPU,22/03/2026 15:09:45,18.11091854,2
CPU,22/03/2026 15:10:00,15.36102407,2
CPU,22/03/2026 15:10:15,15.76105074,2
CPU,22/03/2026 15:10:30,17.03333333,2
CPU,22/03/2026 15:10:45,18.90540631,2
CPU,22/03/2026 15:11:00,15.62770851,2
CPU,22/03/2026 15:11:15,13.33333333,2
CPU,22/03/2026 15:11:30,16,2
CPU,22/03/2026 15:11:45,17.5,2
CPU,22/03/2026 15:12:00,15.23333333,2
CPU,22/03/2026 15:12:15,14.78370992,2
CPU,22/03/2026 15:12:30,19.45592746,2
CPU,22/03/2026 15:12:45,19.96133076,2
CPU,22/03/2026 15:13:00,18.2,2
CPU,22/03/2026 15:13:15,25.7,2
CPU,22/03/2026 15:13:30,31.27582989,2
CPU,22/03/2026 15:13:45,16.02213628,2
CPU,22/03/2026 15:14:00,16.83887741,2
CPU,22/03/2026 15:14:15,13.36089073,2
CPU,22/03/2026 15:14:30,17.13333333,2
CPU,22/03/2026 15:14:45,18.07212852,2
CPU,22/03/2026 15:15:00,15.43333333,2
CPU,22/03/2026 15:15:15,15.16101073,2
CPU,22/03/2026 15:15:30,17.5,2
CPU,22/03/2026 15:15:45,17.73333333,2
CPU,22/03/2026 15:16:00,17.06666667,2
CPU,22/03/2026 15:16:15,15.46666667,2
CPU,22/03/2026 15:16:30,17.77214852,2
CPU,22/03/2026 15:16:45,17.36666667,2
CPU,22/03/2026 15:17:00,15.89439296,2
CPU,22/03/2026 15:17:15,15.23333333,2
CPU,22/03/2026 15:17:30,16.33333333,2
CPU,22/03/2026 15:17:45,17.76666667,2
CPU,22/03/2026 15:18:00,14.1,2
CPU,22/03/2026 15:18:15,10.76666667,2
CPU,22/03/2026 15:18:30,13.73333333,2
CPU,22/03/2026 15:18:45,15.16666667,2
CPU,22/03/2026 15:19:00,17.20551963,2
CPU,22/03/2026 15:19:15,14.56097073,2
CPU,22/03/2026 15:19:30,16.46666667,2
CPU,22/03/2026 15:19:45,17.13333333,2
CPU,22/03/2026 15:20:00,17.33884408,2
CPU,22/03/2026 15:20:15,15.83333333,2
CPU,22/03/2026 15:20:30,18.02786852,2
CPU,22/03/2026 15:20:45,15.86666667,2
CPU,22/03/2026 15:21:00,19.63333333,2
CPU,22/03/2026 15:21:15,14.93333333,2
CPU,22/03/2026 15:21:30,17.26666667,2
CPU,22/03/2026 15:21:45,15.5,2
CPU,22/03/2026 15:22:00,19.60535964,2
CPU,22/03/2026 15:22:15,14.09427295,2
CPU,22/03/2026 15:22:30,26.21475705,2
CPU,22/03/2026 15:22:45,15.88317664,2
CPU,22/03/2026 15:23:00,18.50543297,2
CPU,22/03/2026 15:23:15,17.76666667,2
CPU,22/03/2026 15:23:30,24.82832189,2
CPU,22/03/2026 15:23:45,17,2
CPU,22/03/2026 15:24:00,25.27164856,2
CPU,22/03/2026 15:24:15,16.26666667,2
CPU,22/03/2026 15:24:30,23,2
CPU,22/03/2026 15:24:45,17.64392324,2
CPU,22/03/2026 15:25:00,26.62264025,2
CPU,22/03/2026 15:25:15,23.00513299,2
CPU,22/03/2026 15:25:30,22.6,2
CPU,22/03/2026 15:25:45,20.11402811,2
CPU,22/03/2026 15:26:00,28.83003688,2
CPU,22/03/2026 15:26:15,23.4,2
CPU,22/03/2026 15:26:30,28.97140191,2
CPU,22/03/2026 15:26:45,20.36135742,2
CPU,22/03/2026 15:27:00,25.5,2
CPU,22/03/2026 15:27:15,16.2,2
CPU,22/03/2026 15:27:30,17.93333333,2
CPU,22/03/2026 15:27:45,17.03333333,2
CPU,22/03/2026 15:28:00,25.07166189,2
CPU,22/03/2026 15:28:15,15.53333333,2
CPU,22/03/2026 15:28:30,17.19447963,2
CPU,22/03/2026 15:28:45,15.53333333,2
CPU,22/03/2026 15:29:00,19.67737635,2
CPU,22/03/2026 15:29:15,13.42756184,2
CPU,22/03/2026 15:29:30,16.93333333,2
CPU,22/03/2026 15:29:45,15.19434629,2
CPU,22/03/2026 15:30:00,18.46666667,2
CPU,22/03/2026 15:30:15,18.33877741,2
CPU,22/03/2026 15:30:30,16.16666667,2
CPU,22/03/2026 15:30:45,14.59430629,2
CPU,22/03/2026 15:31:00,19.00539964,2
CPU,22/03/2026 15:31:15,16.29441963,2
CPU,22/03/2026 15:31:30,18.2,2
CPU,22/03/2026 15:31:45,14.47236851,2
CPU,22/03/2026 15:32:00,18.66124408,2
CPU,22/03/2026 15:32:15,15.7,2
CPU,22/03/2026 15:32:30,16.9,2
CPU,22/03/2026 15:32:45,14.56666667,2
CPU,22/03/2026 15:33:00,14.87234184,2
CPU,22/03/2026 15:33:15,18.69457964,2
CPU,22/03/2026 15:33:30,16.4,2
CPU,22/03/2026 15:33:45,14.33904406,2
CPU,22/03/2026 15:34:00,16.06666667,2
CPU,22/03/2026 15:34:15,18.42789519,2
CPU,22/03/2026 15:34:30,17.27218185,2
CPU,22/03/2026 15:34:45,16.1,2
CPU,22/03/2026 15:35:00,17.19447963,2
CPU,22/03/2026 15:35:15,20.00533298,2
CPU,22/03/2026 15:35:30,16.3944263,2
CPU,22/03/2026 15:35:45,13.07246184,2
CPU,22/03/2026 15:36:00,17.46666667,2
CPU,22/03/2026 15:36:15,16.36109074,2
CPU,22/03/2026 15:36:30,16.23333333,2
CPU,22/03/2026 15:36:45,16.36666667,2
CPU,22/03/2026 15:37:00,16,2
CPU,22/03/2026 15:37:15,17.27218185,2
CPU,22/03/2026 15:37:30,16.29441963,2
CPU,22/03/2026 15:37:45,15.17232185,2
CPU,22/03/2026 15:38:00,17.26666667,2
CPU,22/03/2026 15:38:15,16.79445296,2
CPU,22/03/2026 15:38:30,17.13333333,2
CPU,22/03/2026 15:38:45,15.20565296,2
CPU,22/03/2026 15:39:00,15.8610574,2
CPU,22/03/2026 15:39:15,17.93880408,2
CPU,22/03/2026 15:39:30,16.12774185,2
CPU,22/03/2026 15:39:45,15.46666667,2
CPU,22/03/2026 15:40:00,17.3,2
CPU,22/03/2026 15:40:15,20,2
CPU,22/03/2026 15:40:30,17.2,2
CPU,22/03/2026 15:40:45,13.90573962,2
CPU,22/03/2026 15:41:00,17.26666667,2
CPU,22/03/2026 15:41:15,19.69464631,2
CPU,22/03/2026 15:41:30,17.3,2
CPU,22/03/2026 15:41:45,14.97233518,2
CPU,22/03/2026 15:42:00,18.02786852,2
CPU,22/03/2026 15:42:15,18.16666667,2
CPU,22/03/2026 15:42:30,16.93887074,2
CPU,22/03/2026 15:42:45,13.69424628,2
CPU,22/03/2026 15:43:00,17.6,2
CPU,22/03/2026 15:43:15,18.76666667,2
CPU,22/03/2026 15:43:30,16.63333333,2
CPU,22/03/2026 15:43:45,14.6,2
CPU,22/03/2026 15:44:00,17.16666667,2
CPU,22/03/2026 15:44:15,13.77241517,2
CPU,22/03/2026 15:44:30,19.39462631,2
CPU,22/03/2026 15:44:45,15.67228851,2
CPU,22/03/2026 15:45:00,17.39449297,2
CPU,22/03/2026 15:45:15,15.0389974,2
CPU,22/03/2026 15:45:30,18.96126408,2
CPU,22/03/2026 15:45:45,16.20558629,2
CPU,22/03/2026 15:46:00,16,2
CPU,22/03/2026 15:46:15,14.9609974,2
CPU,22/03/2026 15:46:30,19.96666667,2
CPU,22/03/2026 15:46:45,18.43333333,2
CPU,22/03/2026 15:47:00,27.7714819,2
CPU,22/03/2026 15:47:15,20.09467298,2
CPU,22/03/2026 15:47:30,20.8,2
CPU,22/03/2026 15:47:45,16.87774963,2
CPU,22/03/2026 15:48:00,18.25576744,2
CPU,22/03/2026 15:48:15,22.26666667,2
CPU,22/03/2026 15:48:30,25.17165522,2
CPU,22/03/2026 15:48:45,21.3,2
CPU,22/03/2026 15:49:00,23.5,2
CPU,22/03/2026 15:49:15,19.36666667,2
CPU,22/03/2026 15:49:30,21.56666667,2
CPU,22/03/2026 15:49:45,15.59437296,2
CPU,22/03/2026 15:50:00,19.71605679,2
CPU,22/03/2026 15:50:15,17.32230964,2
CPU,22/03/2026 15:50:30,24.96666667,2
CPU,22/03/2026 15:50:45,22.56666667,2
CPU,22/03/2026 15:51:00,19.3,2
CPU,22/03/2026 15:51:15,17.83333333,2
CPU,22/03/2026 15:51:30,24.06160411,2
CPU,22/03/2026 15:51:45,18.33877741,2
CPU,22/03/2026 15:52:00,22.09480632,2
CPU,22/03/2026 15:52:15,17.43333333,2
CPU,22/03/2026 15:52:30,26.5715619,2
CPU,22/03/2026 15:52:45,19.49463298,2
CPU,22/03/2026 15:53:00,17.97213519,2
CPU,22/03/2026 15:53:15,18.13333333,2
CPU,22/03/2026 15:53:30,20.92806187,2
CPU,22/03/2026 15:53:45,19.23333333,2
CPU,22/03/2026 15:54:00,19.37204186,2
CPU,22/03/2026 15:54:15,19.19461297,2
CPU,22/03/2026 15:54:30,21.06666667,2
CPU,22/03/2026 15:54:45,20.93333333,2
CPU,22/03/2026 15:55:00,16.43333333,2
CPU,22/03/2026 15:55:15,15.13899073,2
CPU,22/03/2026 15:55:30,17.93333333,2
CPU,22/03/2026 15:55:45,17.84428743,2
CPU,22/03/2026 15:56:00,18.25031673,2
CPU,22/03/2026 15:56:15,17.34435409,2
CPU,22/03/2026 15:56:30,22.79485299,2
CPU,22/03/2026 15:56:45,21.06666667,2
CPU,22/03/2026 15:57:00,16.7,2
CPU,22/03/2026 15:57:15,15.23333333,2
CPU,22/03/2026 15:57:30,18.42789519,2
CPU,22/03/2026 15:57:45,16.20558629,2
CPU,22/03/2026 15:58:00,15.86666667,2
CPU,22/03/2026 15:58:15,15.66104407,2
CPU,22/03/2026 15:58:30,18.76666667,2
CPU,22/03/2026 15:58:45,15.1,2
CPU,22/03/2026 15:59:00,18.43877075,2
CPU,22/03/2026 15:59:15,16.86666667,2
CPU,22/03/2026 15:59:30,17.66666667,2
CPU,22/03/2026 15:59:45,15.36102407,2
CPU,22/03/2026 16:00:00,15.83333333,2
CPU,22/03/2026 16:00:15,16.90553963,2
CPU,22/03/2026 16:00:30,17.8945263,2
CPU,22/03/2026 16:00:45,14.30571295,2
CPU,22/03/2026 16:01:00,14.73333333,2
CPU,22/03/2026 16:01:15,18.82792186,2
CPU,22/03/2026 16:01:30,20.86666667,2
CPU,22/03/2026 16:01:45,18.76666667,2
CPU,22/03/2026 16:02:00,16.96666667,2
CPU,22/03/2026 16:02:15,22.2,2
CPU,22/03/2026 16:02:30,18.90540631,2
CPU,22/03/2026 16:02:45,23.994933,2
CPU,22/03/2026 16:03:00,16.2,2
CPU,22/03/2026 16:03:15,18.70541964,2
CPU,22/03/2026 16:03:30,16.52776852,2
CPU,22/03/2026 16:03:45,22.8,2
CPU,22/03/2026 16:04:00,15.23898407,2
CPU,22/03/2026 16:04:15,22.52816854,2
CPU,22/03/2026 16:04:30,17.43333333,2
CPU,22/03/2026 16:04:45,27.8,2
CPU,22/03/2026 16:05:00,16.4,2
CPU,22/03/2026 16:05:15,18.86666667,2
CPU,22/03/2026 16:05:30,16.9,2
CPU,22/03/2026 16:05:45,22.5,2
CPU,22/03/2026 16:06:00,16.43333333,2
CPU,22/03/2026 16:06:15,19.5,2
CPU,22/03/2026 16:06:30,21.46666667,2
CPU,22/03/2026 16:06:45,23.9,2
CPU,22/03/2026 16:07:00,14.20571962,2
CPU,22/03/2026 16:07:15,17.86666667,2
CPU,22/03/2026 16:07:30,18.26666667,2
CPU,22/03/2026 16:07:45,24.26666667,2
CPU,22/03/2026 16:08:00,16.9,2
CPU,22/03/2026 16:08:15,21.26666667,2
CPU,22/03/2026 16:08:30,17.39449297,2
CPU,22/03/2026 16:08:45,21.5,2
CPU,22/03/2026 16:09:00,16.06666667,2
CPU,22/03/2026 16:09:15,17.8,2
CPU,22/03/2026 16:09:30,15.10565962,2
CPU,22/03/2026 16:09:45,25.56170411,2
CPU,22/03/2026 16:10:00,15.23333333,2
CPU,22/03/2026 16:10:15,18.36666667,2
CPU,22/03/2026 16:10:30,16.26666667,2
CPU,22/03/2026 16:10:45,18.56666667,2
CPU,22/03/2026 16:11:00,14.4390374,2
CPU,22/03/2026 16:11:15,16.5,2
CPU,22/03/2026 16:11:30,15.52770185,2
CPU,22/03/2026 16:11:45,19.33333333,2
CPU,22/03/2026 16:12:00,15.67228851,2
CPU,22/03/2026 16:12:15,18.12787519,2
CPU,22/03/2026 16:12:30,16.03893074,2
CPU,22/03/2026 16:12:45,19.06127075,2
CPU,22/03/2026 16:13:00,15.66666667,2
CPU,22/03/2026 16:13:15,18,2
CPU,22/03/2026 16:13:30,16.03333333,2
CPU,22/03/2026 16:13:45,19.00539964,2
CPU,22/03/2026 16:14:00,16.16107741,2
CPU,22/03/2026 16:14:15,15.26666667,2
CPU,22/03/2026 16:14:30,15.53333333,2
CPU,22/03/2026 16:14:45,19.37204186,2
CPU,22/03/2026 16:15:00,15.62770851,2
CPU,22/03/2026 16:15:15,17.01659668,2
CPU,22/03/2026 16:15:30,15.45539405,2
CPU,22/03/2026 16:15:45,21.56666667,2
CPU,22/03/2026 16:16:00,16.46666667,2
CPU,22/03/2026 16:16:15,16.82778852,2
CPU,22/03/2026 16:16:30,14.53333333,2
CPU,22/03/2026 16:16:45,21.17717638,2
CPU,22/03/2026 16:17:00,16.28883851,2
CPU,22/03/2026 16:17:15,19.63333333,2
CPU,22/03/2026 16:17:30,16.03893074,2
CPU,22/03/2026 16:17:45,22.1,2
CPU,22/03/2026 16:18:00,20.66137743,2
CPU,22/03/2026 16:18:15,20.73333333,2
CPU,22/03/2026 16:18:30,17.36666667,2
CPU,22/03/2026 16:18:45,27.07152856,2
CPU,22/03/2026 16:19:00,20.7,2
CPU,22/03/2026 16:19:15,22.29481965,2
CPU,22/03/2026 16:19:30,20.36666667,2
CPU,22/03/2026 16:19:45,30.83333333,2
CPU,22/03/2026 16:20:00,32.00453303,2
CPU,22/03/2026 16:20:15,24.19494633,2
CPU,22/03/2026 16:20:30,20.4,2
CPU,22/03/2026 16:20:45,22.03333333,2
CPU,22/03/2026 16:21:00,23.43333333,2
CPU,22/03/2026 16:21:15,21.52615795,2
CPU,22/03/2026 16:21:30,20.74024675,2
CPU,22/03/2026 16:21:45,20.53333333,2
CPU,22/03/2026 16:22:00,19.66666667,2
CPU,22/03/2026 16:22:15,15.73333333,2
CPU,22/03/2026 16:22:30,16.30557963,2
CPU,22/03/2026 16:22:45,21.8,2
CPU,22/03/2026 16:23:00,23.69491299,2
CPU,22/03/2026 16:23:15,21.5,2
CPU,22/03/2026 16:23:30,19.76666667,2
CPU,22/03/2026 16:23:45,21.8,2
CPU,22/03/2026 16:24:00,23.43333333,2
CPU,22/03/2026 16:24:15,21.96666667,2
CPU,22/03/2026 16:24:30,19.8,2
CPU,22/03/2026 16:24:45,22.5539856,2
CPU,22/03/2026 16:25:00,26.2469992,2
CPU,22/03/2026 16:25:15,21.16666667,2
CPU,22/03/2026 16:25:30,19.94400747,2
CPU,22/03/2026 16:25:45,20.72276304,2
CPU,22/03/2026 16:26:00,24.13333333,2
CPU,22/03/2026 16:26:15,21.6,2
CPU,22/03/2026 16:26:30,20.53333333,2
CPU,22/03/2026 16:26:45,21.26666667,2
CPU,22/03/2026 16:27:00,24.8,2
CPU,22/03/2026 16:27:15,22.1385241,2
CPU,22/03/2026 16:27:30,18.16121075,2
CPU,22/03/2026 16:27:45,17.64980337,2
CPU,22/03/2026 16:28:00,20.85083683,2
CPU,22/03/2026 16:28:15,21.90520632,2
CPU,22/03/2026 16:28:30,18.73333333,2
CPU,22/03/2026 16:28:45,21.26666667,2
CPU,22/03/2026 16:29:00,23.66666667,2
CPU,22/03/2026 16:29:15,21.9614641,2
CPU,22/03/2026 16:29:30,16.60555963,2
CPU,22/03/2026 16:29:45,17.56117074,2
CPU,22/03/2026 16:30:00,19.13872409,2
CPU,22/03/2026 16:30:15,18.16121075,2
CPU,22/03/2026 16:30:30,19.26666667,2
CPU,22/03/2026 16:30:45,22.54366085,2
CPU,22/03/2026 16:31:00,23.45646086,2
CPU,22/03/2026 16:31:15,21.13333333,2
CPU,22/03/2026 16:31:30,16.56666667,2
CPU,22/03/2026 16:31:45,19.53869742,2
CPU,22/03/2026 16:32:00,24.16161077,2
CPU,22/03/2026 16:32:15,23.73333333,2
CPU,22/03/2026 16:32:30,20.66666667,2
CPU,22/03/2026 16:32:45,22.90513966,2
CPU,22/03/2026 16:33:00,18.4945663,2
CPU,22/03/2026 16:33:15,15.51126516,2
CPU,22/03/2026 16:33:30,19.55594079,2
CPU,22/03/2026 16:33:45,27.24788376,2
CPU,22/03/2026 16:34:00,31.48629726,2
CPU,22/03/2026 16:34:15,22.83333333,2
CPU,22/03/2026 16:34:30,17.9,2
CPU,22/03/2026 16:34:45,19.56666667,2
CPU,22/03/2026 16:35:00,26.20491967,2
CPU,22/03/2026 16:35:15,21.8385441,2
CPU,22/03/2026 16:35:30,20.65608748,2
CPU,22/03/2026 16:35:45,21.33333333,2
CPU,22/03/2026 16:36:00,23.76666667,2
CPU,22/03/2026 16:36:15,20.10532631,2
CPU,22/03/2026 16:36:30,26.06173745,2
CPU,22/03/2026 16:36:45,21.2,2
CPU,22/03/2026 16:37:00,22.93847077,2
CPU,22/03/2026 16:37:15,19.79465298,2
CPU,22/03/2026 16:37:30,17.43883741,2
CPU,22/03/2026 16:37:45,17.16666667,2
CPU,22/03/2026 16:38:00,20.79471965,2
CPU,22/03/2026 16:38:15,26.46666667,2
CPU,22/03/2026 16:38:30,25.50496634,2
CPU,22/03/2026 16:38:45,21.59477298,2
CPU,22/03/2026 16:39:00,28.68093048,2
CPU,22/03/2026 16:39:15,21.91771688,2
CPU,22/03/2026 16:39:30,22.1385241,2
CPU,22/03/2026 16:39:45,30.47593654,2
CPU,22/03/2026 16:40:00,33.99119883,2
CPU,22/03/2026 16:40:15,29.7,2
CPU,22/03/2026 16:40:30,26.52843523,2
CPU,22/03/2026 16:40:45,29.16666667,2
CPU,22/03/2026 16:41:00,28.8,2
CPU,22/03/2026 16:41:15,28.8,2
CPU,22/03/2026 16:41:30,27.4715019,2
CPU,22/03/2026 16:41:45,27.02846856,2
CPU,22/03/2026 16:42:00,34.5,2
CPU,22/03/2026 16:42:15,30.07132858,2
CPU,22/03/2026 16:42:30,29.47606986,2
CPU,22/03/2026 16:42:45,25.29003867,2
CPU,22/03/2026 16:43:00,29.16194413,2
CPU,22/03/2026 16:43:15,35.01732871,2
CPU,22/03/2026 16:43:30,30.11469725,2
CPU,22/03/2026 16:43:45,26.2,2
CPU,22/03/2026 16:44:00,29.6,2
CPU,22/03/2026 16:44:15,34.80434638,2
CPU,22/03/2026 16:44:30,29.62864191,2
CPU,22/03/2026 16:44:45,25.76666667,2
CPU,22/03/2026 16:45:00,30.59905377,2
CPU,22/03/2026 16:45:15,32.67306923,2
CPU,22/03/2026 16:45:30,29.36666667,2
CPU,22/03/2026 16:45:45,24.79498633,2
CPU,22/03/2026 16:46:00,31.13333333,2
CPU,22/03/2026 16:46:15,33.1,2
CPU,22/03/2026 16:46:30,29.6,2
CPU,22/03/2026 16:46:45,27.74816789,2
CPU,22/03/2026 16:47:00,32.42161441,2
CPU,22/03/2026 16:47:15,32.2,2
CPU,22/03/2026 16:47:30,30.63795747,2
CPU,22/03/2026 16:47:45,25.28659024,2
CPU,22/03/2026 16:48:00,30.68151507,2
CPU,22/03/2026 16:48:15,32.93333333,2
CPU,22/03/2026 16:48:30,29.76198413,2
CPU,22/03/2026 16:48:45,25.83333333,2
CPU,22/03/2026 16:49:00,29.86666667,2
CPU,22/03/2026 16:49:15,31.9045397,2
CPU,22/03/2026 16:49:30,30.5,2
CPU,22/03/2026 16:49:45,26.16666667,2
CPU,22/03/2026 16:50:00,30.4620308,2
CPU,22/03/2026 16:50:15,30.10465969,2
CPU,22/03/2026 16:50:30,30.8,2
CPU,22/03/2026 16:50:45,25.36169078,2
CPU,22/03/2026 16:51:00,31.63789081,2
CPU,22/03/2026 16:51:15,32.6,2
CPU,22/03/2026 16:51:30,29.16194413,2
CPU,22/03/2026 16:51:45,24.6,2
CPU,22/03/2026 16:52:00,31.70455303,2
CPU,22/03/2026 16:52:15,31.70455303,2
CPU,22/03/2026 16:52:30,30.93333333,2
CPU,22/03/2026 16:52:45,24.76165078,2
CPU,22/03/2026 16:53:00,30.12867524,2
CPU,22/03/2026 16:53:15,31.43790414,2
CPU,22/03/2026 16:53:30,35.39569305,2
CPU,22/03/2026 16:53:45,26.07159523,2
CPU,22/03/2026 16:54:00,30.6,2
CPU,22/03/2026 16:54:15,27.3,2
CPU,22/03/2026 16:54:30,35.96666667,2
CPU,22/03/2026 16:54:45,25.66666667,2
CPU,22/03/2026 16:55:00,29.4,2
CPU,22/03/2026 16:55:15,26.93333333,2
CPU,22/03/2026 16:55:30,34.57538995,2
CPU,22/03/2026 16:55:45,25.92345646,2
CPU,22/03/2026 16:56:00,29.19527969,2
CPU,22/03/2026 16:56:15,26.9,2
CPU,22/03/2026 16:56:30,36.43757083,2
CPU,22/03/2026 16:56:45,26.8,2
CPU,22/03/2026 16:57:00,29.63333333,2
CPU,22/03/2026 16:57:15,25.13333333,2
CPU,22/03/2026 16:57:30,37.32915528,2
CPU,22/03/2026 16:57:45,26.37648314,2
CPU,22/03/2026 16:58:00,28.92385651,2
CPU,22/03/2026 16:58:15,27.97146857,2
CPU,22/03/2026 16:58:30,36.4,2
CPU,22/03/2026 16:58:45,25.195013,2
CPU,22/03/2026 16:59:00,29.90467302,2
CPU,22/03/2026 16:59:15,26.77154856,2
CPU,22/03/2026 16:59:30,35.69571305,2
CPU,22/03/2026 16:59:45,26.19507967,2
CPU,22/03/2026 17:00:00,32.47566991,2
CPU,22/03/2026 17:00:15,27.52366982,2
CPU,22/03/2026 17:00:30,35.4,2
CPU,22/03/2026 17:00:45,26.03826412,2
CPU,22/03/2026 17:01:00,41.59610641,2
CPU,22/03/2026 17:01:15,29.73333333,2
CPU,22/03/2026 17:01:30,36.16666667,2
CPU,22/03/2026 17:01:45,25.96666667,2
CPU,22/03/2026 17:02:00,29.13333333,2
CPU,22/03/2026 17:02:15,29.4,2
CPU,22/03/2026 17:02:30,35.16666667,2
CPU,22/03/2026 17:02:45,25.96666667,2
CPU,22/03/2026 17:03:00,28.20478635,2
CPU,22/03/2026 17:03:15,28.16666667,2
CPU,22/03/2026 17:03:30,36.76666667,2
CPU,22/03/2026 17:03:45,25.72838189,2
CPU,22/03/2026 17:04:00,27.03819745,2
CPU,22/03/2026 17:04:15,29.99533302,2
CPU,22/03/2026 17:04:30,40.23333333,2
CPU,22/03/2026 17:04:45,27.30969204,2
CPU,22/03/2026 17:05:00,31.42418989,2
CPU,22/03/2026 17:05:15,26.50489967,2
CPU,22/03/2026 17:05:30,36.33333333,2
CPU,22/03/2026 17:05:45,31.96213081,2
CPU,22/03/2026 17:06:00,31.96666667,2
CPU,22/03/2026 17:06:15,26.2,2
CPU,22/03/2026 17:06:30,31.83787747,2
CPU,22/03/2026 17:06:45,29.67135524,2
CPU,22/03/2026 17:07:00,29.92398987,2
CPU,22/03/2026 17:07:15,26.77154856,2
CPU,22/03/2026 17:07:30,29.76666667,2
CPU,22/03/2026 17:07:45,32.97113526,2
CPU,22/03/2026 17:08:00,29.49529969,2
CPU,22/03/2026 17:08:15,26.79511967,2
CPU,22/03/2026 17:08:30,26.4,2
CPU,22/03/2026 17:08:45,35.63762416,2
CPU,22/03/2026 17:09:00,28.63333333,2
CPU,22/03/2026 17:09:15,27.63333333,2
CPU,22/03/2026 17:09:30,26.66666667,2
CPU,22/03/2026 17:09:45,35.03333333,2
CPU,22/03/2026 17:10:00,29.37137524,2
CPU,22/03/2026 17:10:15,28.92859524,2
CPU,22/03/2026 17:10:30,29.6,2
CPU,22/03/2026 17:10:45,35,2
CPU,22/03/2026 17:11:00,29.39529302,2
CPU,22/03/2026 17:11:15,28.68093048,2
CPU,22/03/2026 17:11:30,29.45726097,2
CPU,22/03/2026 17:11:45,34.13772415,2
CPU,22/03/2026 17:12:00,28.35711428,2
CPU,22/03/2026 17:12:15,29.20914118,2
CPU,22/03/2026 17:12:30,28.65719432,2
CPU,22/03/2026 17:12:45,34.87534995,2
CPU,22/03/2026 17:13:00,28.15708761,2
CPU,22/03/2026 17:13:15,28.90947874,2
CPU,22/03/2026 17:13:30,28.0237365,2
CPU,22/03/2026 17:13:45,35.70428638,2
CPU,22/03/2026 17:14:00,30.23333333,2
CPU,22/03/2026 17:14:15,28.72858191,2
CPU,22/03/2026 17:14:30,30.28525726,2
CPU,22/03/2026 17:14:45,37.02073748,2
CPU,22/03/2026 17:15:00,39.59597306,2
CPU,22/03/2026 17:15:15,35.83333333,2
CPU,22/03/2026 17:15:30,27.40483968,2
CPU,22/03/2026 17:15:45,35.99573305,2
CPU,22/03/2026 17:16:00,26.43333333,2
CPU,22/03/2026 17:16:15,30.77128191,2
CPU,22/03/2026 17:16:30,27.02846856,2
CPU,22/03/2026 17:16:45,36.83333333,2
CPU,22/03/2026 17:17:00,25.8,2
CPU,22/03/2026 17:17:15,30.83794414,2
CPU,22/03/2026 17:17:30,25.50496634,2
CPU,22/03/2026 17:17:45,36.22908194,2
CPU,22/03/2026 17:18:00,26.02840189,2
CPU,22/03/2026 17:18:15,30.2,2
CPU,22/03/2026 17:18:30,27.4,2
CPU,22/03/2026 17:18:45,36.1,2
CPU,22/03/2026 17:19:00,26.13333333,2
CPU,22/03/2026 17:19:15,29.70937208,2
CPU,22/03/2026 17:19:30,26.66177745,2
CPU,22/03/2026 17:19:45,36.68777074,2
CPU,22/03/2026 17:20:00,25.87529176,2
CPU,22/03/2026 17:20:15,30.23333333,2
CPU,22/03/2026 17:20:30,27.53333333,2
CPU,22/03/2026 17:20:45,34.16227749,2
CPU,22/03/2026 17:21:00,25.8,2
CPU,22/03/2026 17:21:15,30.33333333,2
CPU,22/03/2026 17:21:30,29.16666667,2
CPU,22/03/2026 17:21:45,37.17085528,2
CPU,22/03/2026 17:22:00,25.22834856,2
CPU,22/03/2026 17:22:15,29.36666667,2
CPU,22/03/2026 17:22:30,27.1,2
CPU,22/03/2026 17:22:45,33.36666667,2
CPU,22/03/2026 17:23:00,25.6,2
CPU,22/03/2026 17:23:15,30.26666667,2
CPU,22/03/2026 17:23:30,25.97160189,2
CPU,22/03/2026 17:23:45,36.22908194,2
CPU,22/03/2026 17:24:00,26.86666667,2
CPU,22/03/2026 17:24:15,29.8,2
CPU,22/03/2026 17:24:30,26.4764698,2
CPU,22/03/2026 17:24:45,39.19189225,2
CPU,22/03/2026 17:25:00,25.50496634,2
CPU,22/03/2026 17:25:15,30.86205747,2
CPU,22/03/2026 17:25:30,26.53333333,2
CPU,22/03/2026 17:25:45,34.63333333,2
CPU,22/03/2026 17:26:00,26.30491301,2
CPU,22/03/2026 17:26:15,29.39529302,2
CPU,22/03/2026 17:26:30,30.20465302,2
CPU,22/03/2026 17:26:45,29.36195746,2
CPU,22/03/2026 17:27:00,31.40457303,2
CPU,22/03/2026 17:27:15,32.39549303,2
CPU,22/03/2026 17:27:30,28.83333333,2
CPU,22/03/2026 17:27:45,29.30471302,2
CPU,22/03/2026 17:28:00,32.83333333,2
CPU,22/03/2026 17:28:15,30.56666667,2
CPU,22/03/2026 17:28:30,25.62837522,2
CPU,22/03/2026 17:28:45,34.5710286,2
CPU,22/03/2026 17:29:00,32.46216414,2
CPU,22/03/2026 17:29:15,28.67142191,2
CPU,22/03/2026 17:29:30,26.19507967,2
CPU,22/03/2026 17:29:45,29.33804413,2
CPU,22/03/2026 17:30:00,25.63333333,2
CPU,22/03/2026 17:30:15,28.29521968,2
CPU,22/03/2026 17:30:30,15.96666667,2
CPU,22/03/2026 17:30:45,18.93333333,2
CPU,22/03/2026 17:31:00,21.43857076,2
CPU,22/03/2026 17:31:15,23.32822188,2
CPU,22/03/2026 17:31:30,19.70535298,2
CPU,22/03/2026 17:31:45,22.82818855,2
CPU,22/03/2026 17:32:00,25.66666667,2
CPU,22/03/2026 17:32:15,22.98207025,2
CPU,22/03/2026 17:32:30,20.31739681,2
CPU,22/03/2026 17:32:45,23.96666667,2
CPU,22/03/2026 17:33:00,24.77168189,2
CPU,22/03/2026 17:33:15,24.83333333,2
CPU,22/03/2026 17:33:30,23.76158411,2
CPU,22/03/2026 17:33:45,23.76666667,2
CPU,22/03/2026 17:34:00,23.7,2
CPU,22/03/2026 17:34:15,17.17218852,2
CPU,22/03/2026 17:34:30,15.72771518,2
CPU,22/03/2026 17:34:45,18.6,2
CPU,22/03/2026 17:35:00,18.9,2
CPU,22/03/2026 17:35:15,18.16666667,2
CPU,22/03/2026 17:35:30,17.33333333,2
CPU,22/03/2026 17:35:45,31.03333333,2
CPU,22/03/2026 17:36:00,26.76666667,2
CPU,22/03/2026 17:36:15,23.11025197,2
CPU,22/03/2026 17:36:30,19.92265635,2
CPU,22/03/2026 17:36:45,24.73835078,2
CPU,22/03/2026 17:37:00,24.66164411,2
CPU,22/03/2026 17:37:15,22.23851743,2
CPU,22/03/2026 17:37:30,19.19461297,2
CPU,22/03/2026 17:37:45,23.53333333,2
CPU,22/03/2026 17:38:00,24.36666667,2
CPU,22/03/2026 17:38:15,17.8,2
CPU,22/03/2026 17:38:30,14.7,2
CPU,22/03/2026 17:38:45,15.81683663,2
CPU,22/03/2026 17:39:00,20.49469965,2
CPU,22/03/2026 17:39:15,16.68889185,2
CPU,22/03/2026 17:39:30,20.20531965,2
CPU,22/03/2026 17:39:45,22.36149077,2
CPU,22/03/2026 17:40:00,28.23333333,2
CPU,22/03/2026 17:40:15,24.23333333,2
CPU,22/03/2026 17:40:30,15.69476841,2
CPU,22/03/2026 17:40:45,15.61082955,2
CPU,22/03/2026 17:41:00,17.73333333,2
CPU,22/03/2026 17:41:15,17.22781519,2
CPU,22/03/2026 17:41:30,20.9,2
CPU,22/03/2026 17:41:45,22.87180855,2
CPU,22/03/2026 17:42:00,21.30524632,2
CPU,22/03/2026 17:42:15,27.89519301,2
CPU,22/03/2026 17:42:30,17.80547963,2
CPU,22/03/2026 17:42:45,21.02280304,2
CPU,22/03/2026 17:43:00,17.7,2
CPU,22/03/2026 17:43:15,25.17165522,2
CPU,22/03/2026 17:43:30,20.36135742,2
CPU,22/03/2026 17:43:45,23.63333333,2
CPU,22/03/2026 17:44:00,21.1,2
CPU,22/03/2026 17:44:15,38.83333333,2
CPU,22/03/2026 17:44:30,25.0583139,2
CPU,22/03/2026 17:44:45,24.04134712,2
CPU,22/03/2026 17:45:00,20.9,2
CPU,22/03/2026 17:45:15,24.205053,2
CPU,22/03/2026 17:45:30,22.4,2
CPU,22/03/2026 17:45:45,25.76666667,2
CPU,22/03/2026 17:46:00,25.62837523,2
CPU,22/03/2026 17:46:15,29.70468635,2
CPU,22/03/2026 17:46:30,20.12800853,2
CPU,22/03/2026 17:46:45,20.57196187,2
CPU,22/03/2026 17:47:00,18.4945663,2
CPU,22/03/2026 17:47:15,23.13333333,2
CPU,22/03/2026 17:47:30,15.80561296,2
CPU,22/03/2026 17:47:45,16.66111074,2
CPU,22/03/2026 17:48:00,16.4,2
CPU,22/03/2026 17:48:15,19.1720552,2
CPU,22/03/2026 17:48:30,23.19487966,2
CPU,22/03/2026 17:48:45,22.96666667,2
CPU,22/03/2026 17:49:00,27.37150857,2
CPU,22/03/2026 17:49:15,28.76191746,2
CPU,22/03/2026 17:49:30,26.3,2
CPU,22/03/2026 17:49:45,22.16666667,2
CPU,22/03/2026 17:50:00,21.93853743,2
CPU,22/03/2026 17:50:15,27.24303426,2
CPU,22/03/2026 17:50:30,22.05107688,2
CPU,22/03/2026 17:50:45,26.53333333,2
CPU,22/03/2026 17:51:00,22.36666667,2
CPU,22/03/2026 17:51:15,26.36666667,2
CPU,22/03/2026 17:51:30,27.67630983,2
CPU,22/03/2026 17:51:45,26.92358981,2
CPU,22/03/2026 17:52:00,22.43333333,2
CPU,22/03/2026 17:52:15,24.23838411,2
CPU,22/03/2026 17:52:30,26.63333333,2
CPU,22/03/2026 17:52:45,21.33333333,2
CPU,22/03/2026 17:53:00,22.79485299,2
CPU,22/03/2026 17:53:15,21.83333333,2
CPU,22/03/2026 17:53:30,27,2
CPU,22/03/2026 17:53:45,27.15342082,2
CPU,22/03/2026 17:54:00,30.31556475,2
CPU,22/03/2026 17:54:15,22,2
CPU,22/03/2026 17:54:30,31.00459969,2
CPU,22/03/2026 17:54:45,24.16666667,2
CPU,22/03/2026 17:55:00,28.13812413,2
CPU,22/03/2026 17:55:15,26.6,2
CPU,22/03/2026 17:55:30,35.88379977,2
CPU,22/03/2026 17:55:45,24.74592137,2
CPU,22/03/2026 17:56:00,24.03333333,2
CPU,22/03/2026 17:56:15,26.42842856,2
CPU,22/03/2026 17:56:30,42.60382641,2
CPU,22/03/2026 17:56:45,25.61487702,2
CPU,22/03/2026 17:57:00,28.94736842,2
CPU,22/03/2026 17:57:15,20.8313872,2
CPU,22/03/2026 17:57:30,30.36202413,2
CPU,22/03/2026 17:57:45,21.10525965,2
CPU,22/03/2026 17:58:00,23.92826188,2
CPU,22/03/2026 17:58:15,20.6,2
CPU,22/03/2026 17:58:30,29.48547054,2
CPU,22/03/2026 17:58:45,20.11202987,2
CPU,22/03/2026 17:59:00,22.90513966,2
CPU,22/03/2026 17:59:15,20.83333333,2
CPU,22/03/2026 17:59:30,29.30942541,2
CPU,22/03/2026 17:59:45,22.70515299,2
CPU,22/03/2026 18:00:00,24.81328354,2
